名字,名字,关系
弗兰克・德拉邦特,肖申克的救赎,导演
肖申克的救赎,剧情,属于
肖申克的救赎,犯罪,属于
蒂姆・罗宾斯,肖申克的救赎,出演
摩根・弗里曼,肖申克的救赎,出演
鲍勃・冈顿,肖申克的救赎,出演
威廉姆・赛德勒,肖申克的救赎,出演
克兰西・布朗,肖申克的救赎,出演
吉尔・贝罗斯,肖申克的救赎,出演
马克・罗斯顿,肖申克的救赎,出演
詹姆斯・惠特摩,肖申克的救赎,出演
杰弗里・德曼,肖申克的救赎,出演
拉里・布兰登伯格,肖申克的救赎,出演
尼尔・吉恩托利,肖申克的救赎,出演
布赖恩・利比,肖申克的救赎,出演
大卫・普罗瓦尔,肖申克的救赎,出演
约瑟夫・劳格诺,肖申克的救赎,出演
祖德・塞克利拉,肖申克的救赎,出演
保罗・麦克兰尼,肖申克的救赎,出演
芮妮・布莱恩,肖申克的救赎,出演
阿方索・弗里曼,肖申克的救赎,出演
V・J・福斯特,肖申克的救赎,出演
弗兰克・梅德拉诺,肖申克的救赎,出演
马克・迈尔斯,肖申克的救赎,出演
尼尔・萨默斯,肖申克的救赎,出演
耐德・巴拉米,肖申克的救赎,出演
布赖恩・戴拉特,肖申克的救赎,出演
唐・麦克马纳斯,肖申克的救赎,出演
弗兰克・德拉邦特,蒂姆・罗宾斯,合作
弗兰克・德拉邦特,摩根・弗里曼,合作
弗兰克・德拉邦特,鲍勃・冈顿,合作
弗兰克・德拉邦特,威廉姆・赛德勒,合作
弗兰克・德拉邦特,克兰西・布朗,合作
弗兰克・德拉邦特,吉尔・贝罗斯,合作
弗兰克・德拉邦特,马克・罗斯顿,合作
弗兰克・德拉邦特,詹姆斯・惠特摩,合作
弗兰克・德拉邦特,杰弗里・德曼,合作
弗兰克・德拉邦特,拉里・布兰登伯格,合作
弗兰克・德拉邦特,尼尔・吉恩托利,合作
弗兰克・德拉邦特,布赖恩・利比,合作
弗兰克・德拉邦特,大卫・普罗瓦尔,合作
弗兰克・德拉邦特,约瑟夫・劳格诺,合作
弗兰克・德拉邦特,祖德・塞克利拉,合作
弗兰克・德拉邦特,保罗・麦克兰尼,合作
弗兰克・德拉邦特,芮妮・布莱恩,合作
弗兰克・德拉邦特,阿方索・弗里曼,合作
弗兰克・德拉邦特,V・J・福斯特,合作
弗兰克・德拉邦特,弗兰克・梅德拉诺,合作
弗兰克・德拉邦特,马克・迈尔斯,合作
弗兰克・德拉邦特,尼尔・萨默斯,合作
弗兰克・德拉邦特,耐德・巴拉米,合作
弗兰克・德拉邦特,布赖恩・戴拉特,合作
弗兰克・德拉邦特,唐・麦克马纳斯,合作
陈凯歌,霸王别姬,导演
霸王别姬,剧情,属于
霸王别姬,爱情,属于
霸王别姬,同性,属于
张国荣,霸王别姬,出演
张丰毅,霸王别姬,出演
巩俐,霸王别姬,出演
葛优,霸王别姬,出演
英达,霸王别姬,出演
蒋雯丽,霸王别姬,出演
吴大维,霸王别姬,出演
吕齐,霸王别姬,出演
雷汉,霸王别姬,出演
尹治,霸王别姬,出演
马明威,霸王别姬,出演
费振翔,霸王别姬,出演
智一桐,霸王别姬,出演
李春,霸王别姬,出演
赵海龙,霸王别姬,出演
李丹,霸王别姬,出演
童弟,霸王别姬,出演
沈慧芬,霸王别姬,出演
黄斐,霸王别姬,出演
徐杰,霸王别姬,出演
陈凯歌,张国荣,合作
陈凯歌,张丰毅,合作
陈凯歌,巩俐,合作
陈凯歌,葛优,合作
陈凯歌,英达,合作
陈凯歌,蒋雯丽,合作
陈凯歌,吴大维,合作
陈凯歌,吕齐,合作
陈凯歌,雷汉,合作
陈凯歌,尹治,合作
陈凯歌,马明威,合作
陈凯歌,费振翔,合作
陈凯歌,智一桐,合作
陈凯歌,李春,合作
陈凯歌,赵海龙,合作
陈凯歌,李丹,合作
陈凯歌,童弟,合作
陈凯歌,沈慧芬,合作
陈凯歌,黄斐,合作
陈凯歌,徐杰,合作
罗伯特・泽米吉斯,阿甘正传,导演
阿甘正传,剧情,属于
阿甘正传,爱情,属于
汤姆・汉克斯,阿甘正传,出演
罗宾・怀特,阿甘正传,出演
加里・西尼斯,阿甘正传,出演
麦凯尔泰・威廉逊,阿甘正传,出演
莎莉・菲尔德,阿甘正传,出演
海利・乔・奥斯蒙,阿甘正传,出演
迈克尔・康纳・亨弗里斯,阿甘正传,出演
哈罗德・G・赫瑟姆,阿甘正传,出演
山姆・安德森,阿甘正传,出演
伊俄涅・M・特雷奇,阿甘正传,出演
彼得・道博森,阿甘正传,出演
希芳・法隆,阿甘正传,出演
伊丽莎白・汉克斯,阿甘正传,出演
汉娜・豪尔,阿甘正传,出演
克里斯托弗・琼斯,阿甘正传,出演
罗布・兰德里,阿甘正传,出演
杰森・麦克奎尔,阿甘正传,出演
桑尼・施罗耶,阿甘正传,出演
艾德・戴维斯,阿甘正传,出演
丹尼尔C.斯瑞派克,阿甘正传,出演
大卫・布里斯宾,阿甘正传,出演
德博拉・麦克蒂尔,阿甘正传,出演
艾尔・哈林顿,阿甘正传,出演
阿非莫・奥米拉,阿甘正传,出演
约翰・沃德斯塔德,阿甘正传,出演
迈克尔・伯吉斯,阿甘正传,出演
埃里克・安德伍德,阿甘正传,出演
拜伦・明斯,阿甘正传,出演
斯蒂芬・布吉格沃特,阿甘正传,出演
约翰・威廉・高尔特,阿甘正传,出演
希拉里・沙普兰,阿甘正传,出演
伊莎贝尔・罗斯,阿甘正传,出演
理查德・达历山德罗,阿甘正传,出演
迪克・史迪威,阿甘正传,出演
迈克尔-杰斯,阿甘正传,出演
杰弗里・布莱克,阿甘正传,出演
瓦妮莎・罗斯,阿甘正传,出演
迪克・卡维特,阿甘正传,出演
马拉・苏查雷特扎,阿甘正传,出演
乔・阿拉斯奇,阿甘正传,出演
W・本森・泰瑞,阿甘正传,出演
罗伯特・泽米吉斯,汤姆・汉克斯,合作
罗伯特・泽米吉斯,罗宾・怀特,合作
罗伯特・泽米吉斯,加里・西尼斯,合作
罗伯特・泽米吉斯,麦凯尔泰・威廉逊,合作
罗伯特・泽米吉斯,莎莉・菲尔德,合作
罗伯特・泽米吉斯,海利・乔・奥斯蒙,合作
罗伯特・泽米吉斯,迈克尔・康纳・亨弗里斯,合作
罗伯特・泽米吉斯,哈罗德・G・赫瑟姆,合作
罗伯特・泽米吉斯,山姆・安德森,合作
罗伯特・泽米吉斯,伊俄涅・M・特雷奇,合作
罗伯特・泽米吉斯,彼得・道博森,合作
罗伯特・泽米吉斯,希芳・法隆,合作
罗伯特・泽米吉斯,伊丽莎白・汉克斯,合作
罗伯特・泽米吉斯,汉娜・豪尔,合作
罗伯特・泽米吉斯,克里斯托弗・琼斯,合作
罗伯特・泽米吉斯,罗布・兰德里,合作
罗伯特・泽米吉斯,杰森・麦克奎尔,合作
罗伯特・泽米吉斯,桑尼・施罗耶,合作
罗伯特・泽米吉斯,艾德・戴维斯,合作
罗伯特・泽米吉斯,丹尼尔C.斯瑞派克,合作
罗伯特・泽米吉斯,大卫・布里斯宾,合作
罗伯特・泽米吉斯,德博拉・麦克蒂尔,合作
罗伯特・泽米吉斯,艾尔・哈林顿,合作
罗伯特・泽米吉斯,阿非莫・奥米拉,合作
罗伯特・泽米吉斯,约翰・沃德斯塔德,合作
罗伯特・泽米吉斯,迈克尔・伯吉斯,合作
罗伯特・泽米吉斯,埃里克・安德伍德,合作
罗伯特・泽米吉斯,拜伦・明斯,合作
罗伯特・泽米吉斯,斯蒂芬・布吉格沃特,合作
罗伯特・泽米吉斯,约翰・威廉・高尔特,合作
罗伯特・泽米吉斯,希拉里・沙普兰,合作
罗伯特・泽米吉斯,伊莎贝尔・罗斯,合作
罗伯特・泽米吉斯,理查德・达历山德罗,合作
罗伯特・泽米吉斯,迪克・史迪威,合作
罗伯特・泽米吉斯,迈克尔-杰斯,合作
罗伯特・泽米吉斯,杰弗里・布莱克,合作
罗伯特・泽米吉斯,瓦妮莎・罗斯,合作
罗伯特・泽米吉斯,迪克・卡维特,合作
罗伯特・泽米吉斯,马拉・苏查雷特扎,合作
罗伯特・泽米吉斯,乔・阿拉斯奇,合作
罗伯特・泽米吉斯,W・本森・泰瑞,合作
吕克・贝松,这个杀手不太冷,导演
这个杀手不太冷,剧情,属于
这个杀手不太冷,动作,属于
这个杀手不太冷,犯罪,属于
让・雷诺,这个杀手不太冷,出演
娜塔莉・波特曼,这个杀手不太冷,出演
加里・奥德曼,这个杀手不太冷,出演
丹尼・爱罗,这个杀手不太冷,出演
彼得・阿佩尔,这个杀手不太冷,出演
迈克尔・巴达鲁科,这个杀手不太冷,出演
艾伦・格里尼,这个杀手不太冷,出演
伊丽莎白・瑞根,这个杀手不太冷,出演
卡尔・马图斯维奇,这个杀手不太冷,出演
弗兰克・赛格,这个杀手不太冷,出演
麦温,这个杀手不太冷,出演
乔治・马丁,这个杀手不太冷,出演
罗伯特・拉萨多,这个杀手不太冷,出演
亚当・布斯奇,这个杀手不太冷,出演
马里奥・托迪斯科,这个杀手不太冷,出演
萨米・纳塞利,这个杀手不太冷,出演
吕克・贝松,让・雷诺,合作
吕克・贝松,娜塔莉・波特曼,合作
吕克・贝松,加里・奥德曼,合作
吕克・贝松,丹尼・爱罗,合作
吕克・贝松,彼得・阿佩尔,合作
吕克・贝松,迈克尔・巴达鲁科,合作
吕克・贝松,艾伦・格里尼,合作
吕克・贝松,伊丽莎白・瑞根,合作
吕克・贝松,卡尔・马图斯维奇,合作
吕克・贝松,弗兰克・赛格,合作
吕克・贝松,麦温,合作
吕克・贝松,乔治・马丁,合作
吕克・贝松,罗伯特・拉萨多,合作
吕克・贝松,亚当・布斯奇,合作
吕克・贝松,马里奥・托迪斯科,合作
吕克・贝松,萨米・纳塞利,合作
詹姆斯・卡梅隆,泰坦尼克号,导演
泰坦尼克号,剧情,属于
泰坦尼克号,爱情,属于
泰坦尼克号,灾难,属于
莱昂纳多・迪卡普里奥,泰坦尼克号,出演
凯特・温丝莱特,泰坦尼克号,出演
比利・赞恩,泰坦尼克号,出演
凯西・贝茨,泰坦尼克号,出演
弗兰西丝・费舍,泰坦尼克号,出演
格劳瑞亚・斯图尔特,泰坦尼克号,出演
比尔・帕克斯顿,泰坦尼克号,出演
伯纳德・希尔,泰坦尼克号,出演
大卫・沃纳,泰坦尼克号,出演
维克多・加博,泰坦尼克号,出演
乔纳森・海德,泰坦尼克号,出演
苏茜・爱米斯,泰坦尼克号,出演
刘易斯・阿伯内西,泰坦尼克号,出演
尼古拉斯・卡斯柯恩,泰坦尼克号,出演
阿那托利・萨加洛维奇,泰坦尼克号,出演
丹尼・努齐,泰坦尼克号,出演
杰森・贝瑞,泰坦尼克号,出演
伊万・斯图尔特,泰坦尼克号,出演
艾恩・格拉法德,泰坦尼克号,出演
乔纳森・菲利普斯,泰坦尼克号,出演
马克・林赛・查普曼,泰坦尼克号,出演
理查德・格拉翰,泰坦尼克号,出演
保罗・布赖特威尔,泰坦尼克号,出演
艾瑞克・布里登,泰坦尼克号,出演
夏洛特・查顿,泰坦尼克号,出演
博纳德・福克斯,泰坦尼克号,出演
迈克尔・英塞恩,泰坦尼克号,出演
法妮・布雷特,泰坦尼克号,出演
马丁・贾维斯,泰坦尼克号,出演
罗莎琳・艾尔斯,泰坦尼克号,出演
罗切尔・罗斯,泰坦尼克号,出演
乔纳森・伊万斯-琼斯,泰坦尼克号,出演
西蒙・克雷恩,泰坦尼克号,出演
爱德华德・弗莱彻,泰坦尼克号,出演
斯科特・安德森,泰坦尼克号,出演
马丁・伊斯特,泰坦尼克号,出演
克雷格・凯利,泰坦尼克号,出演
格雷戈里・库克,泰坦尼克号,出演
利亚姆・图伊,泰坦尼克号,出演
詹姆斯・兰开斯特,泰坦尼克号,出演
艾尔莎・瑞雯,泰坦尼克号,出演
卢・帕尔特,泰坦尼克号,出演
泰瑞・佛瑞斯塔,泰坦尼克号,出演
凯文・德・拉・诺伊,泰坦尼克号,出演
詹姆斯・卡梅隆,莱昂纳多・迪卡普里奥,合作
詹姆斯・卡梅隆,凯特・温丝莱特,合作
詹姆斯・卡梅隆,比利・赞恩,合作
詹姆斯・卡梅隆,凯西・贝茨,合作
詹姆斯・卡梅隆,弗兰西丝・费舍,合作
詹姆斯・卡梅隆,格劳瑞亚・斯图尔特,合作
詹姆斯・卡梅隆,比尔・帕克斯顿,合作
詹姆斯・卡梅隆,伯纳德・希尔,合作
詹姆斯・卡梅隆,大卫・沃纳,合作
詹姆斯・卡梅隆,维克多・加博,合作
詹姆斯・卡梅隆,乔纳森・海德,合作
詹姆斯・卡梅隆,苏茜・爱米斯,合作
詹姆斯・卡梅隆,刘易斯・阿伯内西,合作
詹姆斯・卡梅隆,尼古拉斯・卡斯柯恩,合作
詹姆斯・卡梅隆,阿那托利・萨加洛维奇,合作
詹姆斯・卡梅隆,丹尼・努齐,合作
詹姆斯・卡梅隆,杰森・贝瑞,合作
詹姆斯・卡梅隆,伊万・斯图尔特,合作
詹姆斯・卡梅隆,艾恩・格拉法德,合作
詹姆斯・卡梅隆,乔纳森・菲利普斯,合作
詹姆斯・卡梅隆,马克・林赛・查普曼,合作
詹姆斯・卡梅隆,理查德・格拉翰,合作
詹姆斯・卡梅隆,保罗・布赖特威尔,合作
詹姆斯・卡梅隆,艾瑞克・布里登,合作
詹姆斯・卡梅隆,夏洛特・查顿,合作
詹姆斯・卡梅隆,博纳德・福克斯,合作
詹姆斯・卡梅隆,迈克尔・英塞恩,合作
詹姆斯・卡梅隆,法妮・布雷特,合作
詹姆斯・卡梅隆,马丁・贾维斯,合作
詹姆斯・卡梅隆,罗莎琳・艾尔斯,合作
詹姆斯・卡梅隆,罗切尔・罗斯,合作
詹姆斯・卡梅隆,乔纳森・伊万斯-琼斯,合作
詹姆斯・卡梅隆,西蒙・克雷恩,合作
詹姆斯・卡梅隆,爱德华德・弗莱彻,合作
詹姆斯・卡梅隆,斯科特・安德森,合作
詹姆斯・卡梅隆,马丁・伊斯特,合作
詹姆斯・卡梅隆,克雷格・凯利,合作
詹姆斯・卡梅隆,格雷戈里・库克,合作
詹姆斯・卡梅隆,利亚姆・图伊,合作
詹姆斯・卡梅隆,詹姆斯・兰开斯特,合作
詹姆斯・卡梅隆,艾尔莎・瑞雯,合作
詹姆斯・卡梅隆,卢・帕尔特,合作
詹姆斯・卡梅隆,泰瑞・佛瑞斯塔,合作
詹姆斯・卡梅隆,凯文・德・拉・诺伊,合作
罗伯托・贝尼尼,美丽人生,导演
美丽人生,剧情,属于
美丽人生,喜剧,属于
美丽人生,爱情,属于
美丽人生,战争,属于
罗伯托・贝尼尼,美丽人生,出演
尼可莱塔・布拉斯基,美丽人生,出演
乔治・坎塔里尼,美丽人生,出演
朱斯蒂诺・杜拉诺,美丽人生,出演
赛尔乔・比尼・布斯特里克,美丽人生,出演
玛丽萨・帕雷德斯,美丽人生,出演
霍斯特・布赫霍尔茨,美丽人生,出演
利迪娅・阿方西,美丽人生,出演
朱利亚娜・洛约迪切,美丽人生,出演
亚美利哥・丰塔尼,美丽人生,出演
彼得・德・席尔瓦,美丽人生,出演
弗朗西斯・古佐,美丽人生,出演
拉法埃拉・莱博罗尼,美丽人生,出演
克劳迪奥・阿方西,美丽人生,出演
吉尔・巴罗尼,美丽人生,出演
马西莫・比安奇,美丽人生,出演
恩尼奥・孔萨尔维,美丽人生,出演
吉安卡尔洛・科森蒂诺,美丽人生,出演
阿伦・克雷格,美丽人生,出演
汉尼斯・赫尔曼,美丽人生,出演
弗兰科・梅斯科利尼,美丽人生,出演
安东尼奥・普雷斯特,美丽人生,出演
吉娜・诺维勒,美丽人生,出演
理查德・塞梅尔,美丽人生,出演
安德烈提多娜,美丽人生,出演
迪尔克・范登贝格,美丽人生,出演
奥梅罗・安东努蒂,美丽人生,出演
罗伯托・贝尼尼,尼可莱塔・布拉斯基,合作
罗伯托・贝尼尼,乔治・坎塔里尼,合作
罗伯托・贝尼尼,朱斯蒂诺・杜拉诺,合作
罗伯托・贝尼尼,赛尔乔・比尼・布斯特里克,合作
罗伯托・贝尼尼,玛丽萨・帕雷德斯,合作
罗伯托・贝尼尼,霍斯特・布赫霍尔茨,合作
罗伯托・贝尼尼,利迪娅・阿方西,合作
罗伯托・贝尼尼,朱利亚娜・洛约迪切,合作
罗伯托・贝尼尼,亚美利哥・丰塔尼,合作
罗伯托・贝尼尼,彼得・德・席尔瓦,合作
罗伯托・贝尼尼,弗朗西斯・古佐,合作
罗伯托・贝尼尼,拉法埃拉・莱博罗尼,合作
罗伯托・贝尼尼,克劳迪奥・阿方西,合作
罗伯托・贝尼尼,吉尔・巴罗尼,合作
罗伯托・贝尼尼,马西莫・比安奇,合作
罗伯托・贝尼尼,恩尼奥・孔萨尔维,合作
罗伯托・贝尼尼,吉安卡尔洛・科森蒂诺,合作
罗伯托・贝尼尼,阿伦・克雷格,合作
罗伯托・贝尼尼,汉尼斯・赫尔曼,合作
罗伯托・贝尼尼,弗兰科・梅斯科利尼,合作
罗伯托・贝尼尼,安东尼奥・普雷斯特,合作
罗伯托・贝尼尼,吉娜・诺维勒,合作
罗伯托・贝尼尼,理查德・塞梅尔,合作
罗伯托・贝尼尼,安德烈提多娜,合作
罗伯托・贝尼尼,迪尔克・范登贝格,合作
罗伯托・贝尼尼,奥梅罗・安东努蒂,合作
宫崎骏,千与千寻,导演
千与千寻,剧情,属于
千与千寻,动画,属于
千与千寻,奇幻,属于
艾美,千与千寻,出演
入野自由,千与千寻,出演
夏木真理,千与千寻,出演
菅原文太,千与千寻,出演
中村彰男,千与千寻,出演
玉井夕海,千与千寻,出演
神木隆之介,千与千寻,出演
内藤刚志,千与千寻,出演
泽口靖子,千与千寻,出演
我修院达也,千与千寻,出演
大泉洋,千与千寻,出演
小林郁夫,千与千寻,出演
上条恒彦,千与千寻,出演
小野武彦,千与千寻,出演
宫崎骏,艾美,合作
宫崎骏,入野自由,合作
宫崎骏,夏木真理,合作
宫崎骏,菅原文太,合作
宫崎骏,中村彰男,合作
宫崎骏,玉井夕海,合作
宫崎骏,神木隆之介,合作
宫崎骏,内藤刚志,合作
宫崎骏,泽口靖子,合作
宫崎骏,我修院达也,合作
宫崎骏,大泉洋,合作
宫崎骏,小林郁夫,合作
宫崎骏,上条恒彦,合作
宫崎骏,小野武彦,合作
史蒂文・斯皮尔伯格,辛德勒的名单,导演
辛德勒的名单,剧情,属于
辛德勒的名单,历史,属于
辛德勒的名单,战争,属于
连姆・尼森,辛德勒的名单,出演
本・金斯利,辛德勒的名单,出演
拉尔夫・费因斯,辛德勒的名单,出演
卡罗琳・古多尔,辛德勒的名单,出演
乔纳森・萨加尔,辛德勒的名单,出演
艾伯丝・戴维兹,辛德勒的名单,出演
马尔戈萨・格贝尔,辛德勒的名单,出演
马克・伊瓦涅,辛德勒的名单,出演
碧翠斯・马科拉,辛德勒的名单,出演
安德烈・瑟韦林,辛德勒的名单,出演
弗里德里希・冯・图恩,辛德勒的名单,出演
克齐斯茨托夫・拉夫特,辛德勒的名单,出演
诺伯特・魏塞尔,辛德勒的名单,出演
维斯瓦夫・科马萨,辛德勒的名单,出演
史蒂文・斯皮尔伯格,连姆・尼森,合作
史蒂文・斯皮尔伯格,本・金斯利,合作
史蒂文・斯皮尔伯格,拉尔夫・费因斯,合作
史蒂文・斯皮尔伯格,卡罗琳・古多尔,合作
史蒂文・斯皮尔伯格,乔纳森・萨加尔,合作
史蒂文・斯皮尔伯格,艾伯丝・戴维兹,合作
史蒂文・斯皮尔伯格,马尔戈萨・格贝尔,合作
史蒂文・斯皮尔伯格,马克・伊瓦涅,合作
史蒂文・斯皮尔伯格,碧翠斯・马科拉,合作
史蒂文・斯皮尔伯格,安德烈・瑟韦林,合作
史蒂文・斯皮尔伯格,弗里德里希・冯・图恩,合作
史蒂文・斯皮尔伯格,克齐斯茨托夫・拉夫特,合作
史蒂文・斯皮尔伯格,诺伯特・魏塞尔,合作
史蒂文・斯皮尔伯格,维斯瓦夫・科马萨,合作
克里斯托弗・诺兰,盗梦空间,导演
盗梦空间,剧情,属于
盗梦空间,科幻,属于
盗梦空间,悬疑,属于
盗梦空间,冒险,属于
莱昂纳多・迪卡普里奥,盗梦空间,出演
约瑟夫・高登-莱维特,盗梦空间,出演
艾利奥特・佩吉,盗梦空间,出演
汤姆・哈迪,盗梦空间,出演
渡边谦,盗梦空间,出演
迪利普・劳,盗梦空间,出演
基里安・墨菲,盗梦空间,出演
汤姆・贝伦杰,盗梦空间,出演
玛丽昂・歌迪亚,盗梦空间,出演
皮特・波斯尔思韦特,盗梦空间,出演
迈克尔・凯恩,盗梦空间,出演
卢卡斯・哈斯,盗梦空间,出演
李太力,盗梦空间,出演
克莱尔・吉尔蕾,盗梦空间,出演
马格努斯・诺兰,盗梦空间,出演
泰勒・吉蕾,盗梦空间,出演
乔纳森・吉尔,盗梦空间,出演
水源士郎,盗梦空间,出演
冈本玉二,盗梦空间,出演
厄尔・卡梅伦,盗梦空间,出演
瑞恩・海沃德,盗梦空间,出演
米兰达・诺兰,盗梦空间,出演
拉什・费加,盗梦空间,出演
蒂姆・科勒赫,盗梦空间,出演
妲露拉・莱莉,盗梦空间,出演
克里斯托弗・诺兰,莱昂纳多・迪卡普里奥,合作
克里斯托弗・诺兰,约瑟夫・高登-莱维特,合作
克里斯托弗・诺兰,艾利奥特・佩吉,合作
克里斯托弗・诺兰,汤姆・哈迪,合作
克里斯托弗・诺兰,渡边谦,合作
克里斯托弗・诺兰,迪利普・劳,合作
克里斯托弗・诺兰,基里安・墨菲,合作
克里斯托弗・诺兰,汤姆・贝伦杰,合作
克里斯托弗・诺兰,玛丽昂・歌迪亚,合作
克里斯托弗・诺兰,皮特・波斯尔思韦特,合作
克里斯托弗・诺兰,迈克尔・凯恩,合作
克里斯托弗・诺兰,卢卡斯・哈斯,合作
克里斯托弗・诺兰,李太力,合作
克里斯托弗・诺兰,克莱尔・吉尔蕾,合作
克里斯托弗・诺兰,马格努斯・诺兰,合作
克里斯托弗・诺兰,泰勒・吉蕾,合作
克里斯托弗・诺兰,乔纳森・吉尔,合作
克里斯托弗・诺兰,水源士郎,合作
克里斯托弗・诺兰,冈本玉二,合作
克里斯托弗・诺兰,厄尔・卡梅伦,合作
克里斯托弗・诺兰,瑞恩・海沃德,合作
克里斯托弗・诺兰,米兰达・诺兰,合作
克里斯托弗・诺兰,拉什・费加,合作
克里斯托弗・诺兰,蒂姆・科勒赫,合作
克里斯托弗・诺兰,妲露拉・莱莉,合作
