名字,关系,关系类型,关系,关系类型,关系,关系类型,关系,关系类型
肖申克的救赎,绿里奇迹,剧情,类型,犯罪,类型,弗兰克·德拉邦特,导演,杰弗里·德曼,演员
肖申克的救赎,蝙蝠侠：黑暗骑士,剧情,类型,犯罪,类型,摩根·弗里曼,演员
肖申克的救赎,七宗罪,剧情,类型,犯罪,类型,摩根·弗里曼,演员
肖申克的救赎,蝙蝠侠：黑暗骑士崛起,剧情,类型,犯罪,类型,摩根·弗里曼,演员
肖申克的救赎,遗愿清单,剧情,类型,摩根·弗里曼,演员,阿方索·弗里曼,演员
肖申克的救赎,这个杀手不太冷,剧情,类型,犯罪,类型
肖申克的救赎,无间道,剧情,类型,犯罪,类型
肖申克的救赎,教父,剧情,类型,犯罪,类型
肖申克的救赎,控方证人,剧情,类型,犯罪,类型
肖申克的救赎,猫鼠游戏,剧情,类型,犯罪,类型
霸王别姬,春光乍泄,剧情,类型,爱情,类型,同性,类型,张国荣,演员
霸王别姬,活着,剧情,类型,巩俐,演员,葛优,演员
霸王别姬,请以你的名字呼唤我,剧情,类型,爱情,类型,同性,类型
霸王别姬,断背山,剧情,类型,爱情,类型,同性,类型
霸王别姬,喜宴,剧情,类型,爱情,类型,同性,类型
霸王别姬,东邪西毒,剧情,类型,爱情,类型,张国荣,演员
霸王别姬,阿飞正传,剧情,类型,爱情,类型,张国荣,演员
霸王别姬,阿甘正传,剧情,类型,爱情,类型
霸王别姬,泰坦尼克号,剧情,类型,爱情,类型
霸王别姬,美丽人生,剧情,类型,爱情,类型
阿甘正传,幸福终点站,剧情,类型,爱情,类型,汤姆·汉克斯,演员
阿甘正传,霸王别姬,剧情,类型,爱情,类型
阿甘正传,泰坦尼克号,剧情,类型,爱情,类型
阿甘正传,美丽人生,剧情,类型,爱情,类型
阿甘正传,三傻大闹宝莱坞,剧情,类型,爱情,类型
阿甘正传,怦然心动,剧情,类型,爱情,类型
阿甘正传,乱世佳人,剧情,类型,爱情,类型
阿甘正传,罗马假日,剧情,类型,爱情,类型
阿甘正传,天堂电影院,剧情,类型,爱情,类型
阿甘正传,猫鼠游戏,剧情,类型,汤姆·汉克斯,演员
这个杀手不太冷,蝙蝠侠：黑暗骑士,剧情,类型,动作,类型,犯罪,类型,加里·奥德曼,演员
这个杀手不太冷,蝙蝠侠：黑暗骑士崛起,剧情,类型,动作,类型,犯罪,类型,加里·奥德曼,演员
这个杀手不太冷,教父2,剧情,类型,犯罪,类型,丹尼·爱罗,演员
这个杀手不太冷,美国往事,剧情,类型,犯罪,类型,丹尼·爱罗,演员
这个杀手不太冷,杀人回忆,剧情,类型,动作,类型,犯罪,类型
这个杀手不太冷,英雄本色,剧情,类型,动作,类型,犯罪,类型
这个杀手不太冷,纵横四海,剧情,类型,动作,类型,犯罪,类型
这个杀手不太冷,无间道2,剧情,类型,动作,类型,犯罪,类型
这个杀手不太冷,肖申克的救赎,剧情,类型,犯罪,类型
这个杀手不太冷,无间道,剧情,类型,犯罪,类型
泰坦尼克号,朗读者,剧情,类型,爱情,类型,凯特·温丝莱特,演员
泰坦尼克号,霸王别姬,剧情,类型,爱情,类型
泰坦尼克号,阿甘正传,剧情,类型,爱情,类型
泰坦尼克号,美丽人生,剧情,类型,爱情,类型
泰坦尼克号,盗梦空间,剧情,类型,莱昂纳多·迪卡普里奥,演员
泰坦尼克号,三傻大闹宝莱坞,剧情,类型,爱情,类型
泰坦尼克号,怦然心动,剧情,类型,爱情,类型
泰坦尼克号,乱世佳人,剧情,类型,爱情,类型
泰坦尼克号,指环王3：王者无敌,剧情,类型,伯纳德·希尔,演员
泰坦尼克号,罗马假日,剧情,类型,爱情,类型
美丽人生,三傻大闹宝莱坞,剧情,类型,喜剧,类型,爱情,类型
美丽人生,怦然心动,剧情,类型,喜剧,类型,爱情,类型
美丽人生,乱世佳人,剧情,类型,爱情,类型,战争,类型
美丽人生,罗马假日,剧情,类型,喜剧,类型,爱情,类型
美丽人生,摩登时代,剧情,类型,喜剧,类型,爱情,类型
美丽人生,喜剧之王,剧情,类型,喜剧,类型,爱情,类型
美丽人生,天使爱美丽,剧情,类型,喜剧,类型,爱情,类型
美丽人生,幸福终点站,剧情,类型,喜剧,类型,爱情,类型
美丽人生,喜宴,剧情,类型,喜剧,类型,爱情,类型
美丽人生,真爱至上,剧情,类型,喜剧,类型,爱情,类型
千与千寻,哈尔的移动城堡,动画,类型,奇幻,类型,宫崎骏,导演,神木隆之介,演员,我修院达也,演员,大泉洋,演员
千与千寻,幽灵公主,动画,类型,奇幻,类型,宫崎骏,导演,上条恒彦,演员
千与千寻,崖上的波妞,动画,类型,奇幻,类型,宫崎骏,导演,柊瑠美,演员
千与千寻,萤火之森,剧情,类型,动画,类型,奇幻,类型
千与千寻,你的名字。,剧情,类型,动画,类型,神木隆之介,演员
千与千寻,龙猫,动画,类型,奇幻,类型,宫崎骏,导演
千与千寻,天空之城,动画,类型,奇幻,类型,宫崎骏,导演
千与千寻,借东西的小人阿莉埃蒂,动画,类型,奇幻,类型,神木隆之介,演员
千与千寻,风之谷,动画,类型,奇幻,类型,宫崎骏,导演
千与千寻,魔女宅急便,动画,类型,奇幻,类型,宫崎骏,导演
辛德勒的名单,乱世佳人,剧情,类型,历史,类型,战争,类型
辛德勒的名单,拯救大兵瑞恩,剧情,类型,战争,类型,史蒂文·斯皮尔伯格,导演
辛德勒的名单,勇敢的心,剧情,类型,历史,类型,战争,类型
辛德勒的名单,幸福终点站,剧情,类型,史蒂文·斯皮尔伯格,导演,马克·伊瓦涅,演员
辛德勒的名单,血战钢锯岭,剧情,类型,历史,类型,战争,类型
辛德勒的名单,卢旺达饭店,剧情,类型,历史,类型,战争,类型
辛德勒的名单,美丽人生,剧情,类型,战争,类型
辛德勒的名单,末代皇帝,剧情,类型,历史,类型
辛德勒的名单,活着,剧情,类型,历史,类型
辛德勒的名单,猫鼠游戏,剧情,类型,史蒂文·斯皮尔伯格,导演
盗梦空间,蝙蝠侠：黑暗骑士崛起,剧情,类型,科幻,类型,克里斯托弗·诺兰,导演,约瑟夫·高登-莱维特,演员,汤姆·哈迪,演员,基里安·墨菲,演员,玛丽昂·歌迪亚,演员,迈克尔·凯恩,演员
盗梦空间,星际穿越,剧情,类型,科幻,类型,冒险,类型,克里斯托弗·诺兰,导演,迈克尔·凯恩,演员,拉什·费加,演员
盗梦空间,蝙蝠侠：黑暗骑士,剧情,类型,科幻,类型,克里斯托弗·诺兰,导演,基里安·墨菲,演员,迈克尔·凯恩,演员
盗梦空间,致命魔术,剧情,类型,悬疑,类型,克里斯托弗·诺兰,导演,迈克尔·凯恩,演员
盗梦空间,记忆碎片,剧情,类型,悬疑,类型,克里斯托弗·诺兰,导演,拉什·费加,演员
盗梦空间,禁闭岛,剧情,类型,悬疑,类型,莱昂纳多·迪卡普里奥,演员
盗梦空间,蝴蝶效应,剧情,类型,科幻,类型,悬疑,类型
盗梦空间,大鱼,剧情,类型,冒险,类型,玛丽昂·歌迪亚,演员
盗梦空间,被解救的姜戈,剧情,类型,冒险,类型,莱昂纳多·迪卡普里奥,演员
盗梦空间,血钻,剧情,类型,冒险,类型,莱昂纳多·迪卡普里奥,演员
忠犬八公的故事,末代皇帝,剧情,类型,田川洋行,演员
忠犬八公的故事,恋恋笔记本,剧情,类型,琼·艾伦,演员
忠犬八公的故事,房间,剧情,类型,琼·艾伦,演员
忠犬八公的故事,肖申克的救赎,剧情,类型
忠犬八公的故事,霸王别姬,剧情,类型
忠犬八公的故事,阿甘正传,剧情,类型
忠犬八公的故事,这个杀手不太冷,剧情,类型
忠犬八公的故事,泰坦尼克号,剧情,类型
忠犬八公的故事,美丽人生,剧情,类型
忠犬八公的故事,千与千寻,剧情,类型
星际穿越,盗梦空间,剧情,类型,科幻,类型,冒险,类型,克里斯托弗·诺兰,导演,迈克尔·凯恩,演员,拉什·费加,演员
星际穿越,蝙蝠侠：黑暗骑士崛起,剧情,类型,科幻,类型,克里斯托弗·诺兰,导演,安妮·海瑟薇,演员,迈克尔·凯恩,演员,乔什·斯图沃特,演员
星际穿越,蝙蝠侠：黑暗骑士,剧情,类型,科幻,类型,克里斯托弗·诺兰,导演,迈克尔·凯恩,演员
星际穿越,致命魔术,剧情,类型,克里斯托弗·诺兰,导演,迈克尔·凯恩,演员
星际穿越,心灵捕手,剧情,类型,卡西·阿弗莱克,演员,马特·达蒙,演员
星际穿越,记忆碎片,剧情,类型,克里斯托弗·诺兰,导演,拉什·费加,演员
星际穿越,楚门的世界,剧情,类型,科幻,类型
星际穿越,指环王3：王者无敌,剧情,类型,冒险,类型
星际穿越,飞屋环游记,剧情,类型,冒险,类型
星际穿越,少年派的奇幻漂流,剧情,类型,冒险,类型
楚门的世界,盗梦空间,剧情,类型,科幻,类型
楚门的世界,星际穿越,剧情,类型,科幻,类型
楚门的世界,蝙蝠侠：黑暗骑士,剧情,类型,科幻,类型
楚门的世界,死亡诗社,剧情,类型,彼得·威尔,导演
楚门的世界,美丽心灵,剧情,类型,艾德·哈里斯,演员
楚门的世界,蝴蝶效应,剧情,类型,科幻,类型
楚门的世界,蝙蝠侠：黑暗骑士崛起,剧情,类型,科幻,类型
楚门的世界,真爱至上,剧情,类型,劳拉·琳妮,演员
楚门的世界,人工智能,剧情,类型,科幻,类型
楚门的世界,穿越时空的少女,剧情,类型,科幻,类型
海上钢琴师,天堂电影院,剧情,类型,朱塞佩·托纳多雷,导演,朱塞佩·托纳多雷,导演,尼古拉·迪·平托,演员
海上钢琴师,放牛班的春天,剧情,类型,音乐,类型
海上钢琴师,钢琴家,剧情,类型,音乐,类型
海上钢琴师,西西里的美丽传说,剧情,类型,朱塞佩·托纳多雷,导演
海上钢琴师,低俗小说,剧情,类型,蒂姆·罗斯,演员
海上钢琴师,致命ID,剧情,类型,普路特·泰勒·文斯,演员
海上钢琴师,爆裂鼓手,剧情,类型,音乐,类型
海上钢琴师,波西米亚狂想曲,剧情,类型,音乐,类型
海上钢琴师,肖申克的救赎,剧情,类型
海上钢琴师,霸王别姬,剧情,类型
三傻大闹宝莱坞,美丽人生,剧情,类型,喜剧,类型,爱情,类型
三傻大闹宝莱坞,怦然心动,剧情,类型,喜剧,类型,爱情,类型
三傻大闹宝莱坞,罗马假日,剧情,类型,喜剧,类型,爱情,类型
三傻大闹宝莱坞,音乐之声,剧情,类型,爱情,类型,歌舞,类型
三傻大闹宝莱坞,摩登时代,剧情,类型,喜剧,类型,爱情,类型
三傻大闹宝莱坞,喜剧之王,剧情,类型,喜剧,类型,爱情,类型
三傻大闹宝莱坞,天使爱美丽,剧情,类型,喜剧,类型,爱情,类型
三傻大闹宝莱坞,幸福终点站,剧情,类型,喜剧,类型,爱情,类型
三傻大闹宝莱坞,喜宴,剧情,类型,喜剧,类型,爱情,类型
三傻大闹宝莱坞,真爱至上,剧情,类型,喜剧,类型,爱情,类型
机器人总动员,飞屋环游记,动画,类型,冒险,类型,约翰·拉岑贝格,演员,彼特·道格特,演员,彼特·道格特,演员,米凯·麦高万,演员,唐纳德·富利洛夫,演员,杰斯·哈梅尔,演员
机器人总动员,头脑特工队,动画,类型,冒险,类型,约翰·拉岑贝格,演员,彼特·道格特,演员,约翰·齐甘,演员,雪莉·琳恩,演员,罗里·艾伦,演员,拉瑞恩·纽曼,演员
机器人总动员,怪兽电力公司,动画,类型,冒险,类型,约翰·拉岑贝格,演员,彼特·道格特,演员
机器人总动员,阿凡达,科幻,类型,冒险,类型,西格妮·韦弗,演员
机器人总动员,超能陆战队,科幻,类型,动画,类型,冒险,类型
机器人总动员,无敌破坏王,动画,类型,冒险,类型,杰斯·哈梅尔,演员
机器人总动员,盗梦空间,科幻,类型,冒险,类型
机器人总动员,星际穿越,科幻,类型,冒险,类型
机器人总动员,红辣椒,科幻,类型,动画,类型
机器人总动员,头号玩家,科幻,类型,冒险,类型
放牛班的春天,美丽人生,剧情,类型,喜剧,类型
放牛班的春天,海上钢琴师,剧情,类型,音乐,类型
放牛班的春天,三傻大闹宝莱坞,剧情,类型,喜剧,类型
放牛班的春天,怦然心动,剧情,类型,喜剧,类型
放牛班的春天,触不可及,剧情,类型,喜剧,类型
放牛班的春天,飞屋环游记,剧情,类型,喜剧,类型
放牛班的春天,鬼子来了,剧情,类型,喜剧,类型
放牛班的春天,我不是药神,剧情,类型,喜剧,类型
放牛班的春天,罗马假日,剧情,类型,喜剧,类型
放牛班的春天,天堂电影院,剧情,类型,雅克·贝汉,演员
大话西游之大圣娶亲,大话西游之月光宝盒,喜剧,类型,爱情,类型,奇幻,类型,古装,类型,刘镇伟,导演,刘镇伟,导演,周星驰,演员,吴孟达,演员,朱茵,演员,蓝洁瑛,演员,莫文蔚,演员,罗家英,演员,刘镇伟,导演,刘镇伟,导演,陆树铭,演员,李健仁,演员
大话西游之大圣娶亲,喜剧之王,喜剧,类型,爱情,类型,周星驰,演员,周星驰,演员,吴孟达,演员,莫文蔚,演员
大话西游之大圣娶亲,唐伯虎点秋香,喜剧,类型,爱情,类型,古装,类型,周星驰,演员,蓝洁瑛,演员,李健仁,演员
大话西游之大圣娶亲,射雕英雄传之东成西就,喜剧,类型,奇幻,类型,古装,类型,刘镇伟,导演,刘镇伟,导演
大话西游之大圣娶亲,九品芝麻官,喜剧,类型,古装,类型,周星驰,演员,吴孟达,演员,蔡少芬,演员
大话西游之大圣娶亲,功夫,喜剧,类型,奇幻,类型,周星驰,演员,周星驰,演员
大话西游之大圣娶亲,时空恋旅人,喜剧,类型,爱情,类型,奇幻,类型
大话西游之大圣娶亲,倩女幽魂,爱情,类型,奇幻,类型,古装,类型
大话西游之大圣娶亲,青蛇,爱情,类型,奇幻,类型,古装,类型
大话西游之大圣娶亲,美丽人生,喜剧,类型,爱情,类型
疯狂动物城,无敌破坏王,喜剧,类型,动画,类型,冒险,类型,瑞奇·摩尔,导演,瑞奇·摩尔,导演,艾伦·图代克,演员,雷蒙德·S·佩尔西,演员,莫里斯·拉马奇,演员,菲尔·约翰斯顿,演员,约翰·迪·马吉欧,演员,凯蒂·洛斯,演员,瑞奇·摩尔,导演,瑞奇·摩尔,导演,乔西·特立尼达,演员
疯狂动物城,超能陆战队,喜剧,类型,动画,类型,冒险,类型,艾伦·图代克,演员,凯蒂·洛斯,演员
疯狂动物城,怪兽电力公司,喜剧,类型,动画,类型,冒险,类型,邦尼·亨特,演员
疯狂动物城,飞屋环游记,喜剧,类型,动画,类型,冒险,类型
疯狂动物城,神偷奶爸,喜剧,类型,动画,类型,冒险,类型
疯狂动物城,玩具总动员3,喜剧,类型,动画,类型,冒险,类型
疯狂动物城,疯狂原始人,喜剧,类型,动画,类型,冒险,类型
疯狂动物城,头脑特工队,喜剧,类型,动画,类型,冒险,类型
疯狂动物城,冰川时代,喜剧,类型,动画,类型,冒险,类型
疯狂动物城,寻梦环游记,喜剧,类型,动画,类型
无间道,无间道2,剧情,类型,犯罪,类型,刘伟强,导演,麦兆辉,导演,黄秋生,演员,曾志伟,演员,陈冠希,演员,余文乐,演员,杜汶泽,演员
无间道,阿飞正传,剧情,类型,犯罪,类型,刘德华,演员,梁朝伟,演员
无间道,控方证人,剧情,类型,悬疑,类型,犯罪,类型
无间道,蝙蝠侠：黑暗骑士,剧情,类型,犯罪,类型,陈冠希,演员
无间道,看不见的客人,剧情,类型,悬疑,类型,犯罪,类型
无间道,七宗罪,剧情,类型,悬疑,类型,犯罪,类型
无间道,杀人回忆,剧情,类型,悬疑,类型,犯罪,类型
无间道,消失的爱人,剧情,类型,悬疑,类型,犯罪,类型
无间道,恐怖直播,剧情,类型,悬疑,类型,犯罪,类型
无间道,心迷宫,剧情,类型,悬疑,类型,犯罪,类型
熔炉,釜山行,孔刘,演员,郑有美,演员
熔炉,肖申克的救赎,剧情,类型
熔炉,霸王别姬,剧情,类型
熔炉,阿甘正传,剧情,类型
熔炉,这个杀手不太冷,剧情,类型
熔炉,泰坦尼克号,剧情,类型
熔炉,美丽人生,剧情,类型
熔炉,千与千寻,剧情,类型
熔炉,辛德勒的名单,剧情,类型
熔炉,盗梦空间,剧情,类型
教父,教父2,剧情,类型,犯罪,类型,弗朗西斯·福特·科波拉,导演,阿尔·帕西诺,演员,詹姆斯·肯恩,演员,罗伯特·杜瓦尔,演员,黛安·基顿,演员,阿贝·维高达,演员,塔莉娅·夏尔,演员,吉亚尼·罗素,演员,约翰·凯泽尔,演员
教父,教父3,剧情,类型,犯罪,类型,弗朗西斯·福特·科波拉,导演,阿尔·帕西诺,演员,黛安·基顿,演员,塔莉娅·夏尔,演员
教父,肖申克的救赎,剧情,类型,犯罪,类型
教父,这个杀手不太冷,剧情,类型,犯罪,类型
教父,无间道,剧情,类型,犯罪,类型
教父,控方证人,剧情,类型,犯罪,类型
教父,蝙蝠侠：黑暗骑士,剧情,类型,犯罪,类型
教父,闻香识女人,剧情,类型,阿尔·帕西诺,演员
教父,猫鼠游戏,剧情,类型,犯罪,类型
教父,两杆大烟枪,剧情,类型,犯罪,类型
当幸福来敲门,摔跤吧！爸爸,剧情,类型,家庭,类型,传记,类型
当幸福来敲门,猫鼠游戏,剧情,类型,传记,类型,布莱恩·豪威 ,演员
当幸福来敲门,末代皇帝,剧情,类型,传记,类型
当幸福来敲门,活着,剧情,类型,家庭,类型
当幸福来敲门,钢琴家,剧情,类型,传记,类型
当幸福来敲门,绿皮书,剧情,类型,传记,类型
当幸福来敲门,饮食男女,剧情,类型,家庭,类型
当幸福来敲门,美丽心灵,剧情,类型,传记,类型
当幸福来敲门,海蒂和爷爷,剧情,类型,家庭,类型
当幸福来敲门,小鞋子,剧情,类型,家庭,类型
龙猫,风之谷,动画,类型,奇幻,类型,冒险,类型,宫崎骏,导演,坂本千夏,演员,岛本须美,演员,鳕子,演员
龙猫,天空之城,动画,类型,奇幻,类型,冒险,类型,宫崎骏,导演,鹫尾真知子,演员,鳕子,演员
龙猫,魔女宅急便,动画,类型,奇幻,类型,冒险,类型,宫崎骏,导演,坂本千夏,演员,丸山裕子,演员
龙猫,幽灵公主,动画,类型,奇幻,类型,冒险,类型,宫崎骏,导演,岛本须美,演员
龙猫,哈尔的移动城堡,动画,类型,奇幻,类型,冒险,类型,宫崎骏,导演
龙猫,崖上的波妞,动画,类型,奇幻,类型,冒险,类型,宫崎骏,导演
龙猫,千与千寻,动画,类型,奇幻,类型,宫崎骏,导演
龙猫,借东西的小人阿莉埃蒂,动画,类型,奇幻,类型,冒险,类型
龙猫,驯龙高手,动画,类型,奇幻,类型,冒险,类型
龙猫,怪兽电力公司,动画,类型,奇幻,类型,冒险,类型
怦然心动,美丽人生,剧情,类型,喜剧,类型,爱情,类型
怦然心动,三傻大闹宝莱坞,剧情,类型,喜剧,类型,爱情,类型
怦然心动,罗马假日,剧情,类型,喜剧,类型,爱情,类型
怦然心动,摩登时代,剧情,类型,喜剧,类型,爱情,类型
怦然心动,喜剧之王,剧情,类型,喜剧,类型,爱情,类型
怦然心动,天使爱美丽,剧情,类型,喜剧,类型,爱情,类型
怦然心动,幸福终点站,剧情,类型,喜剧,类型,爱情,类型
怦然心动,喜宴,剧情,类型,喜剧,类型,爱情,类型
怦然心动,真爱至上,剧情,类型,喜剧,类型,爱情,类型
怦然心动,城市之光,剧情,类型,喜剧,类型,爱情,类型
控方证人,无间道,剧情,类型,悬疑,类型,犯罪,类型
控方证人,看不见的客人,剧情,类型,悬疑,类型,犯罪,类型
控方证人,七宗罪,剧情,类型,悬疑,类型,犯罪,类型
控方证人,杀人回忆,剧情,类型,悬疑,类型,犯罪,类型
控方证人,消失的爱人,剧情,类型,悬疑,类型,犯罪,类型
控方证人,恐怖直播,剧情,类型,悬疑,类型,犯罪,类型
控方证人,心迷宫,剧情,类型,悬疑,类型,犯罪,类型
控方证人,记忆碎片,剧情,类型,悬疑,类型,犯罪,类型
控方证人,绿里奇迹,剧情,类型,悬疑,类型,犯罪,类型
控方证人,罗生门,剧情,类型,悬疑,类型,犯罪,类型
触不可及,美丽人生,剧情,类型,喜剧,类型
触不可及,三傻大闹宝莱坞,剧情,类型,喜剧,类型
触不可及,放牛班的春天,剧情,类型,喜剧,类型
触不可及,怦然心动,剧情,类型,喜剧,类型
触不可及,飞屋环游记,剧情,类型,喜剧,类型
触不可及,鬼子来了,剧情,类型,喜剧,类型
触不可及,我不是药神,剧情,类型,喜剧,类型
触不可及,罗马假日,剧情,类型,喜剧,类型
触不可及,绿皮书,剧情,类型,喜剧,类型
触不可及,让子弹飞,剧情,类型,喜剧,类型
蝙蝠侠：黑暗骑士,蝙蝠侠：黑暗骑士崛起,剧情,类型,动作,类型,科幻,类型,惊悚,类型,犯罪,类型,克里斯托弗·诺兰,导演,克里斯蒂安·贝尔,演员,迈克尔·凯恩,演员,加里·奥德曼,演员,摩根·弗里曼,演员,基里安·墨菲,演员,内斯特·卡博内尔,演员
蝙蝠侠：黑暗骑士,盗梦空间,剧情,类型,科幻,类型,克里斯托弗·诺兰,导演,迈克尔·凯恩,演员,基里安·墨菲,演员
蝙蝠侠：黑暗骑士,致命魔术,剧情,类型,惊悚,类型,克里斯托弗·诺兰,导演,克里斯蒂安·贝尔,演员,迈克尔·凯恩,演员
蝙蝠侠：黑暗骑士,无间道2,剧情,类型,动作,类型,惊悚,类型,犯罪,类型,陈冠希,演员
蝙蝠侠：黑暗骑士,这个杀手不太冷,剧情,类型,动作,类型,犯罪,类型,加里·奥德曼,演员
蝙蝠侠：黑暗骑士,星际穿越,剧情,类型,科幻,类型,克里斯托弗·诺兰,导演,迈克尔·凯恩,演员
蝙蝠侠：黑暗骑士,七宗罪,剧情,类型,惊悚,类型,犯罪,类型,摩根·弗里曼,演员
蝙蝠侠：黑暗骑士,杀人回忆,剧情,类型,动作,类型,惊悚,类型,犯罪,类型
蝙蝠侠：黑暗骑士,记忆碎片,剧情,类型,惊悚,类型,犯罪,类型,克里斯托弗·诺兰,导演
蝙蝠侠：黑暗骑士,肖申克的救赎,剧情,类型,犯罪,类型,摩根·弗里曼,演员
末代皇帝,勇敢的心,剧情,类型,传记,类型,历史,类型
末代皇帝,血战钢锯岭,剧情,类型,传记,类型,历史,类型
末代皇帝,卢旺达饭店,剧情,类型,传记,类型,历史,类型
末代皇帝,色，戒,剧情,类型,陈冲,演员,卢燕,演员
末代皇帝,霸王别姬,剧情,类型,陈凯歌,导演
末代皇帝,辛德勒的名单,剧情,类型,历史,类型
末代皇帝,忠犬八公的故事,剧情,类型,田川洋行,演员
末代皇帝,当幸福来敲门,剧情,类型,传记,类型
末代皇帝,活着,剧情,类型,历史,类型
末代皇帝,乱世佳人,剧情,类型,历史,类型
寻梦环游记,怪兽电力公司,喜剧,类型,动画,类型,奇幻,类型,李·昂克里奇,导演,约翰·拉岑贝格,演员
寻梦环游记,玩具总动员3,喜剧,类型,动画,类型,奇幻,类型,李·昂克里奇,导演
寻梦环游记,飞屋环游记,喜剧,类型,动画,类型,约翰·拉岑贝格,演员
寻梦环游记,头脑特工队,喜剧,类型,动画,类型,约翰·拉岑贝格,演员
寻梦环游记,无敌破坏王,喜剧,类型,动画,类型,奇幻,类型
寻梦环游记,放牛班的春天,喜剧,类型,音乐,类型
寻梦环游记,大话西游之大圣娶亲,喜剧,类型,奇幻,类型
寻梦环游记,疯狂动物城,喜剧,类型,动画,类型
寻梦环游记,大话西游之月光宝盒,喜剧,类型,奇幻,类型
寻梦环游记,功夫,喜剧,类型,奇幻,类型
活着,霸王别姬,剧情,类型,葛优,演员,巩俐,演员
活着,让子弹飞,剧情,类型,葛优,演员,姜武,演员
活着,辛德勒的名单,剧情,类型,历史,类型
活着,当幸福来敲门,剧情,类型,家庭,类型
活着,末代皇帝,剧情,类型,历史,类型
活着,乱世佳人,剧情,类型,历史,类型
活着,摔跤吧！爸爸,剧情,类型,家庭,类型
活着,鬼子来了,剧情,类型,姜武,演员
活着,饮食男女,剧情,类型,家庭,类型
活着,海蒂和爷爷,剧情,类型,家庭,类型
何以为家,肖申克的救赎,剧情,类型
何以为家,霸王别姬,剧情,类型
何以为家,阿甘正传,剧情,类型
何以为家,这个杀手不太冷,剧情,类型
何以为家,泰坦尼克号,剧情,类型
何以为家,美丽人生,剧情,类型
何以为家,千与千寻,剧情,类型
何以为家,辛德勒的名单,剧情,类型
何以为家,盗梦空间,剧情,类型
何以为家,忠犬八公的故事,剧情,类型
乱世佳人,魂断蓝桥,剧情,类型,爱情,类型,战争,类型,费雯·丽,演员
乱世佳人,美丽人生,剧情,类型,爱情,类型,战争,类型
乱世佳人,辛德勒的名单,剧情,类型,历史,类型,战争,类型
乱世佳人,勇敢的心,剧情,类型,历史,类型,战争,类型
乱世佳人,血战钢锯岭,剧情,类型,历史,类型,战争,类型
乱世佳人,卢旺达饭店,剧情,类型,历史,类型,战争,类型
乱世佳人,燃情岁月,剧情,类型,爱情,类型,战争,类型
乱世佳人,霸王别姬,剧情,类型,爱情,类型
乱世佳人,阿甘正传,剧情,类型,爱情,类型
乱世佳人,泰坦尼克号,剧情,类型,爱情,类型
哈利·波特与魔法石,哈利·波特与密室,奇幻,类型,冒险,类型,克里斯·哥伦布,导演,丹尼尔·雷德克里夫,演员,艾玛·沃森,演员,鲁伯特·格林特,演员,艾伦·瑞克曼,演员,玛吉·史密斯,演员,汤姆·费尔顿,演员,理查德·哈里斯,演员,朱丽·沃特斯,演员,邦妮·怀特,演员,约翰·克立斯,演员,肖恩·比格斯代夫,演员
哈利·波特与魔法石,哈利·波特与死亡圣器(下),奇幻,类型,冒险,类型,丹尼尔·雷德克里夫,演员,艾玛·沃森,演员,鲁伯特·格林特,演员,艾伦·瑞克曼,演员,玛吉·史密斯,演员,汤姆·费尔顿,演员,约翰·赫特,演员,罗彼·考特拉尼,演员,朱丽·沃特斯,演员,邦妮·怀特,演员
哈利·波特与魔法石,哈利·波特与阿兹卡班的囚徒,奇幻,类型,冒险,类型,丹尼尔·雷德克里夫,演员,艾玛·沃森,演员,鲁伯特·格林特,演员,艾伦·瑞克曼,演员,玛吉·史密斯,演员,汤姆·费尔顿,演员,朱丽·沃特斯,演员,邦妮·怀特,演员
哈利·波特与魔法石,哈利·波特与火焰杯,奇幻,类型,冒险,类型,丹尼尔·雷德克里夫,演员,艾玛·沃森,演员,鲁伯特·格林特,演员,艾伦·瑞克曼,演员,玛吉·史密斯,演员,汤姆·费尔顿,演员,罗彼·考特拉尼,演员,邦妮·怀特,演员
哈利·波特与魔法石,香水,奇幻,类型,艾伦·瑞克曼,演员,约翰·赫特,演员
哈利·波特与魔法石,龙猫,奇幻,类型,冒险,类型
哈利·波特与魔法石,指环王3：王者无敌,奇幻,类型,冒险,类型
哈利·波特与魔法石,少年派的奇幻漂流,奇幻,类型,冒险,类型
哈利·波特与魔法石,哈尔的移动城堡,奇幻,类型,冒险,类型
哈利·波特与魔法石,天空之城,奇幻,类型,冒险,类型
指环王3：王者无敌,指环王2：双塔奇兵,剧情,类型,动作,类型,奇幻,类型,冒险,类型,彼得·杰克逊,导演,彼得·杰克逊,导演,伊利亚·伍德,演员,西恩·奥斯汀,演员,维果·莫腾森,演员,奥兰多·布鲁姆,演员,伊恩·麦克莱恩,演员,肖恩·宾,演员,多米尼克·莫纳汉,演员,丽芙·泰勒,演员,约翰·贝西,演员,凯特·布兰切特,演员,比利·博伊德,演员,阿利斯泰尔·布朗宁,演员,伯纳德·希尔,演员,布鲁斯·霍普金斯,演员,约翰·诺贝尔,演员,米兰达·奥图,演员,布鲁斯·菲利普斯,演员,约翰·瑞斯-戴维斯,演员,安迪·瑟金斯,演员,卡尔·厄本,演员,史蒂芬·乌瑞,演员,雨果·维文,演员,大卫·文翰,演员,萨拉·贝克,演员,Robert Pollock,演员,杰德·布罗菲,演员,菲利普·格里夫,演员,布拉德·道里夫,演员,克里斯托弗·李,演员,Jarl Benzon,演员,Jørn Benzon,演员,Robert Catto,演员,彼得·杰克逊,导演,彼得·杰克逊,导演,Sandro Kopp,演员,克雷格·帕克,演员
指环王3：王者无敌,指环王1：魔戒再现,剧情,类型,动作,类型,奇幻,类型,冒险,类型,彼得·杰克逊,导演,彼得·杰克逊,导演,伊利亚·伍德,演员,西恩·奥斯汀,演员,维果·莫腾森,演员,奥兰多·布鲁姆,演员,伊恩·麦克莱恩,演员,肖恩·宾,演员,多米尼克·莫纳汉,演员,丽芙·泰勒,演员,凯特·布兰切特,演员,比利·博伊德,演员,马尔顿·索克斯,演员,伊安·霍姆,演员,劳伦斯·马克奥雷,演员,约翰·瑞斯-戴维斯,演员,安迪·瑟金斯,演员,雨果·维文,演员,阿兰·霍华德,演员,萨拉·贝克,演员,杰德·布罗菲,演员,菲利普·格里夫,演员,克里斯托弗·李,演员,彼得·杰克逊,导演,彼得·杰克逊,导演,克雷格·帕克,演员
指环王3：王者无敌,加勒比海盗,动作,类型,奇幻,类型,冒险,类型,奥兰多·布鲁姆,演员
指环王3：王者无敌,少年派的奇幻漂流,剧情,类型,奇幻,类型,冒险,类型
指环王3：王者无敌,本杰明·巴顿奇事,剧情,类型,奇幻,类型,凯特·布兰切特,演员
指环王3：王者无敌,大鱼,剧情,类型,奇幻,类型,冒险,类型
指环王3：王者无敌,被解救的姜戈,剧情,类型,动作,类型,冒险,类型
指环王3：王者无敌,七武士,剧情,类型,动作,类型,冒险,类型
指环王3：王者无敌,黑客帝国3：矩阵革命,动作,类型,雨果·维文,演员,布鲁斯·斯宾斯,演员
指环王3：王者无敌,谍影重重2,动作,类型,马尔顿·索克斯,演员,卡尔·厄本,演员
摔跤吧！爸爸,地球上的星星,剧情,类型,家庭,类型,阿米尔·汗,演员,阿米尔·汗,演员
摔跤吧！爸爸,当幸福来敲门,剧情,类型,家庭,类型,传记,类型
摔跤吧！爸爸,三傻大闹宝莱坞,剧情,类型,阿米尔·汗,演员
摔跤吧！爸爸,末代皇帝,剧情,类型,传记,类型
摔跤吧！爸爸,活着,剧情,类型,家庭,类型
摔跤吧！爸爸,猫鼠游戏,剧情,类型,传记,类型
摔跤吧！爸爸,钢琴家,剧情,类型,传记,类型
摔跤吧！爸爸,绿皮书,剧情,类型,传记,类型
摔跤吧！爸爸,饮食男女,剧情,类型,家庭,类型
摔跤吧！爸爸,美丽心灵,剧情,类型,传记,类型
飞屋环游记,怪兽电力公司,喜剧,类型,动画,类型,冒险,类型,彼特·道格特,演员,鲍勃·彼德森,导演,鲍勃·彼德森,导演,约翰·拉岑贝格,演员,彼特·道格特,演员
飞屋环游记,机器人总动员,动画,类型,冒险,类型,彼特·道格特,演员,约翰·拉岑贝格,演员,米凯·麦高万,演员,唐纳德·富利洛夫,演员,杰斯·哈梅尔,演员,彼特·道格特,演员
飞屋环游记,头脑特工队,喜剧,类型,动画,类型,冒险,类型,彼特·道格特,演员,约翰·拉岑贝格,演员,乔什·库雷,演员,彼特·道格特,演员
飞屋环游记,无敌破坏王,喜剧,类型,动画,类型,冒险,类型,杰斯·哈梅尔,演员
飞屋环游记,布达佩斯大饭店,剧情,类型,喜剧,类型,冒险,类型
飞屋环游记,玛丽和马克思,剧情,类型,喜剧,类型,动画,类型
飞屋环游记,遗愿清单,剧情,类型,喜剧,类型,冒险,类型
飞屋环游记,东京教父,剧情,类型,喜剧,类型,动画,类型
飞屋环游记,疯狂动物城,喜剧,类型,动画,类型,冒险,类型
飞屋环游记,寻梦环游记,喜剧,类型,动画,类型,约翰·拉岑贝格,演员
素媛,肖申克的救赎,剧情,类型
素媛,霸王别姬,剧情,类型
素媛,阿甘正传,剧情,类型
素媛,这个杀手不太冷,剧情,类型
素媛,泰坦尼克号,剧情,类型
素媛,美丽人生,剧情,类型
素媛,千与千寻,剧情,类型
素媛,辛德勒的名单,剧情,类型
素媛,盗梦空间,剧情,类型
素媛,忠犬八公的故事,剧情,类型
少年派的奇幻漂流,指环王3：王者无敌,剧情,类型,奇幻,类型,冒险,类型
少年派的奇幻漂流,指环王2：双塔奇兵,剧情,类型,奇幻,类型,冒险,类型
少年派的奇幻漂流,指环王1：魔戒再现,剧情,类型,奇幻,类型,冒险,类型
少年派的奇幻漂流,大鱼,剧情,类型,奇幻,类型,冒险,类型
少年派的奇幻漂流,千与千寻,剧情,类型,奇幻,类型
少年派的奇幻漂流,盗梦空间,剧情,类型,冒险,类型
少年派的奇幻漂流,星际穿越,剧情,类型,冒险,类型
少年派的奇幻漂流,飞屋环游记,剧情,类型,冒险,类型
少年派的奇幻漂流,饮食男女,剧情,类型,李安,导演
少年派的奇幻漂流,海蒂和爷爷,剧情,类型,冒险,类型
十二怒汉,肖申克的救赎,剧情,类型
十二怒汉,霸王别姬,剧情,类型
十二怒汉,阿甘正传,剧情,类型
十二怒汉,这个杀手不太冷,剧情,类型
十二怒汉,泰坦尼克号,剧情,类型
十二怒汉,美丽人生,剧情,类型
十二怒汉,千与千寻,剧情,类型
十二怒汉,辛德勒的名单,剧情,类型
十二怒汉,盗梦空间,剧情,类型
十二怒汉,忠犬八公的故事,剧情,类型
哈尔的移动城堡,千与千寻,动画,类型,奇幻,类型,宫崎骏,导演,我修院达也,演员,神木隆之介,演员,大泉洋,演员
哈尔的移动城堡,魔女宅急便,动画,类型,奇幻,类型,冒险,类型,宫崎骏,导演,大塚明夫,演员,加藤治子,演员
哈尔的移动城堡,幽灵公主,动画,类型,奇幻,类型,冒险,类型,宫崎骏,导演,美轮明宏,演员
哈尔的移动城堡,龙猫,动画,类型,奇幻,类型,冒险,类型,宫崎骏,导演
哈尔的移动城堡,天空之城,动画,类型,奇幻,类型,冒险,类型,宫崎骏,导演
哈尔的移动城堡,借东西的小人阿莉埃蒂,动画,类型,奇幻,类型,冒险,类型,神木隆之介,演员
哈尔的移动城堡,风之谷,动画,类型,奇幻,类型,冒险,类型,宫崎骏,导演
哈尔的移动城堡,崖上的波妞,动画,类型,奇幻,类型,冒险,类型,宫崎骏,导演
哈尔的移动城堡,驯龙高手,动画,类型,奇幻,类型,冒险,类型
哈尔的移动城堡,怪兽电力公司,动画,类型,奇幻,类型,冒险,类型
鬼子来了,让子弹飞,剧情,类型,喜剧,类型,姜文,导演,姜文,导演,姜文,导演,姜文,导演,姜武,演员
鬼子来了,阳光灿烂的日子,剧情,类型,姜文,导演,姜文,导演,姜文,导演,姜文,导演
鬼子来了,霸王别姬,剧情,类型,吴大维,演员
鬼子来了,美丽人生,剧情,类型,喜剧,类型
鬼子来了,三傻大闹宝莱坞,剧情,类型,喜剧,类型
鬼子来了,放牛班的春天,剧情,类型,喜剧,类型
鬼子来了,怦然心动,剧情,类型,喜剧,类型
鬼子来了,触不可及,剧情,类型,喜剧,类型
鬼子来了,末代皇帝,剧情,类型,陈述,演员
鬼子来了,活着,剧情,类型,姜武,演员
大话西游之月光宝盒,大话西游之大圣娶亲,喜剧,类型,爱情,类型,奇幻,类型,古装,类型,刘镇伟,导演,刘镇伟,导演,周星驰,演员,吴孟达,演员,罗家英,演员,蓝洁瑛,演员,莫文蔚,演员,陆树铭,演员,刘镇伟,导演,刘镇伟,导演,朱茵,演员,李健仁,演员
大话西游之月光宝盒,喜剧之王,喜剧,类型,爱情,类型,周星驰,演员,周星驰,演员,吴孟达,演员,莫文蔚,演员
大话西游之月光宝盒,唐伯虎点秋香,喜剧,类型,爱情,类型,古装,类型,周星驰,演员,蓝洁瑛,演员,李健仁,演员
大话西游之月光宝盒,射雕英雄传之东成西就,喜剧,类型,奇幻,类型,古装,类型,刘镇伟,导演,刘镇伟,导演
大话西游之月光宝盒,功夫,喜剧,类型,奇幻,类型,周星驰,演员,周星驰,演员
大话西游之月光宝盒,九品芝麻官,喜剧,类型,古装,类型,周星驰,演员,吴孟达,演员
大话西游之月光宝盒,时空恋旅人,喜剧,类型,爱情,类型,奇幻,类型
大话西游之月光宝盒,倩女幽魂,爱情,类型,奇幻,类型,古装,类型
大话西游之月光宝盒,青蛇,爱情,类型,奇幻,类型,古装,类型
大话西游之月光宝盒,美丽人生,喜剧,类型,爱情,类型
天空之城,龙猫,动画,类型,奇幻,类型,冒险,类型,宫崎骏,导演,鹫尾真知子,演员,鳕子,演员
天空之城,风之谷,动画,类型,奇幻,类型,冒险,类型,宫崎骏,导演,永井一郎,演员,鳕子,演员
天空之城,哈尔的移动城堡,动画,类型,奇幻,类型,冒险,类型,宫崎骏,导演
天空之城,幽灵公主,动画,类型,奇幻,类型,冒险,类型,宫崎骏,导演
天空之城,魔女宅急便,动画,类型,奇幻,类型,冒险,类型,宫崎骏,导演
天空之城,崖上的波妞,动画,类型,奇幻,类型,冒险,类型,宫崎骏,导演
天空之城,千与千寻,动画,类型,奇幻,类型,宫崎骏,导演
天空之城,借东西的小人阿莉埃蒂,动画,类型,奇幻,类型,冒险,类型
天空之城,驯龙高手,动画,类型,奇幻,类型,冒险,类型
天空之城,怪兽电力公司,动画,类型,奇幻,类型,冒险,类型
我不是药神,疯狂的石头,喜剧,类型,徐峥,演员,宁浩,演员
我不是药神,美丽人生,剧情,类型,喜剧,类型
我不是药神,三傻大闹宝莱坞,剧情,类型,喜剧,类型
我不是药神,放牛班的春天,剧情,类型,喜剧,类型
我不是药神,怦然心动,剧情,类型,喜剧,类型
我不是药神,触不可及,剧情,类型,喜剧,类型
我不是药神,飞屋环游记,剧情,类型,喜剧,类型
我不是药神,鬼子来了,剧情,类型,喜剧,类型
我不是药神,罗马假日,剧情,类型,喜剧,类型
我不是药神,绿皮书,剧情,类型,喜剧,类型
罗马假日,美丽人生,剧情,类型,喜剧,类型,爱情,类型
罗马假日,三傻大闹宝莱坞,剧情,类型,喜剧,类型,爱情,类型
罗马假日,怦然心动,剧情,类型,喜剧,类型,爱情,类型
罗马假日,摩登时代,剧情,类型,喜剧,类型,爱情,类型
罗马假日,喜剧之王,剧情,类型,喜剧,类型,爱情,类型
罗马假日,天使爱美丽,剧情,类型,喜剧,类型,爱情,类型
罗马假日,幸福终点站,剧情,类型,喜剧,类型,爱情,类型
罗马假日,喜宴,剧情,类型,喜剧,类型,爱情,类型
罗马假日,真爱至上,剧情,类型,喜剧,类型,爱情,类型
罗马假日,城市之光,剧情,类型,喜剧,类型,爱情,类型
闻香识女人,教父,剧情,类型,阿尔·帕西诺,演员
闻香识女人,教父2,剧情,类型,阿尔·帕西诺,演员
闻香识女人,玛丽和马克思,剧情,类型,菲利普·塞默·霍夫曼,演员
闻香识女人,教父3,剧情,类型,阿尔·帕西诺,演员
闻香识女人,肖申克的救赎,剧情,类型
闻香识女人,霸王别姬,剧情,类型
闻香识女人,阿甘正传,剧情,类型
闻香识女人,这个杀手不太冷,剧情,类型
闻香识女人,泰坦尼克号,剧情,类型
闻香识女人,美丽人生,剧情,类型
辩护人,寄生虫,剧情,类型,宋康昊,演员,李姃垠,演员
辩护人,杀人回忆,剧情,类型,宋康昊,演员
辩护人,7号房的礼物,剧情,类型,吴达洙,演员
辩护人,我爱你,剧情,类型,吴达洙,演员
辩护人,肖申克的救赎,剧情,类型
辩护人,霸王别姬,剧情,类型
辩护人,阿甘正传,剧情,类型
辩护人,这个杀手不太冷,剧情,类型
辩护人,泰坦尼克号,剧情,类型
辩护人,美丽人生,剧情,类型
天堂电影院,海上钢琴师,剧情,类型,朱塞佩·托纳多雷,导演,尼古拉·迪·平托,演员,朱塞佩·托纳多雷,导演
天堂电影院,西西里的美丽传说,剧情,类型,朱塞佩·托纳多雷,导演,朱塞佩·托纳多雷,导演
天堂电影院,霸王别姬,剧情,类型,爱情,类型
天堂电影院,阿甘正传,剧情,类型,爱情,类型
天堂电影院,泰坦尼克号,剧情,类型,爱情,类型
天堂电影院,美丽人生,剧情,类型,爱情,类型
天堂电影院,三傻大闹宝莱坞,剧情,类型,爱情,类型
天堂电影院,放牛班的春天,剧情,类型,雅克·贝汉,演员
天堂电影院,怦然心动,剧情,类型,爱情,类型
天堂电影院,乱世佳人,剧情,类型,爱情,类型
猫鼠游戏,当幸福来敲门,剧情,类型,传记,类型,布莱恩·豪威 ,演员
猫鼠游戏,拯救大兵瑞恩,剧情,类型,史蒂文·斯皮尔伯格,导演,汤姆·汉克斯,演员
猫鼠游戏,幸福终点站,剧情,类型,史蒂文·斯皮尔伯格,导演,汤姆·汉克斯,演员
猫鼠游戏,达拉斯买家俱乐部,剧情,类型,传记,类型,詹妮弗·加纳,演员
猫鼠游戏,绿里奇迹,剧情,类型,犯罪,类型,汤姆·汉克斯,演员
猫鼠游戏,肖申克的救赎,剧情,类型,犯罪,类型
猫鼠游戏,阿甘正传,剧情,类型,汤姆·汉克斯,演员
猫鼠游戏,这个杀手不太冷,剧情,类型,犯罪,类型
猫鼠游戏,泰坦尼克号,剧情,类型,莱昂纳多·迪卡普里奥,演员
猫鼠游戏,辛德勒的名单,剧情,类型,史蒂文·斯皮尔伯格,导演
大闹天宫,天书奇谭,动画,类型,奇幻,类型,富润生,演员,毕克,演员,尚华,演员,于鼎,演员,刘广宁,演员
大闹天宫,哪吒闹海,动画,类型,奇幻,类型,邱岳峰,演员,富润生,演员,毕克,演员,尚华,演员,于鼎,演员
大闹天宫,千与千寻,动画,类型,奇幻,类型
大闹天宫,龙猫,动画,类型,奇幻,类型
大闹天宫,寻梦环游记,动画,类型,奇幻,类型
大闹天宫,哈尔的移动城堡,动画,类型,奇幻,类型
大闹天宫,天空之城,动画,类型,奇幻,类型
大闹天宫,幽灵公主,动画,类型,奇幻,类型
大闹天宫,借东西的小人阿莉埃蒂,动画,类型,奇幻,类型
大闹天宫,萤火之森,动画,类型,奇幻,类型
钢琴家,勇敢的心,剧情,类型,传记,类型,战争,类型
钢琴家,血战钢锯岭,剧情,类型,传记,类型,战争,类型
钢琴家,卢旺达饭店,剧情,类型,传记,类型,战争,类型
钢琴家,模仿游戏,剧情,类型,传记,类型,战争,类型
钢琴家,波西米亚狂想曲,剧情,类型,音乐,类型,传记,类型
钢琴家,美丽人生,剧情,类型,战争,类型
钢琴家,辛德勒的名单,剧情,类型,战争,类型
钢琴家,海上钢琴师,剧情,类型,音乐,类型
钢琴家,放牛班的春天,剧情,类型,音乐,类型
钢琴家,当幸福来敲门,剧情,类型,传记,类型
搏击俱乐部,七宗罪,剧情,类型,悬疑,类型,惊悚,类型,大卫·芬奇,导演,布拉德·皮特,演员
搏击俱乐部,杀人回忆,剧情,类型,动作,类型,悬疑,类型,惊悚,类型
搏击俱乐部,消失的爱人,剧情,类型,悬疑,类型,惊悚,类型,大卫·芬奇,导演
搏击俱乐部,蝙蝠侠：黑暗骑士,剧情,类型,动作,类型,惊悚,类型
搏击俱乐部,本杰明·巴顿奇事,剧情,类型,大卫·芬奇,导演,布拉德·皮特,演员
搏击俱乐部,看不见的客人,剧情,类型,悬疑,类型,惊悚,类型
搏击俱乐部,致命魔术,剧情,类型,悬疑,类型,惊悚,类型
搏击俱乐部,禁闭岛,剧情,类型,悬疑,类型,惊悚,类型
搏击俱乐部,蝴蝶效应,剧情,类型,悬疑,类型,惊悚,类型
搏击俱乐部,致命ID,剧情,类型,悬疑,类型,惊悚,类型
教父2,教父,剧情,类型,犯罪,类型,弗朗西斯·福特·科波拉,导演,阿尔·帕西诺,演员,罗伯特·杜瓦尔,演员,黛安·基顿,演员,约翰·凯泽尔,演员,塔莉娅·夏尔,演员,阿贝·维高达,演员,吉亚尼·罗素,演员,詹姆斯·肯恩,演员
教父2,教父3,剧情,类型,犯罪,类型,弗朗西斯·福特·科波拉,导演,阿尔·帕西诺,演员,黛安·基顿,演员,塔莉娅·夏尔,演员,理查德·布赖特,演员,索菲亚·科波拉,演员
教父2,美国往事,剧情,类型,犯罪,类型,罗伯特·德尼罗,演员,理查德·布赖特,演员,丹尼·爱罗,演员
教父2,这个杀手不太冷,剧情,类型,犯罪,类型,丹尼·爱罗,演员
教父2,绿里奇迹,剧情,类型,犯罪,类型,哈利·戴恩·斯坦通,演员
教父2,肖申克的救赎,剧情,类型,犯罪,类型
教父2,无间道,剧情,类型,犯罪,类型
教父2,控方证人,剧情,类型,犯罪,类型
教父2,蝙蝠侠：黑暗骑士,剧情,类型,犯罪,类型
教父2,闻香识女人,剧情,类型,阿尔·帕西诺,演员
狮子王,机器人总动员,动画,类型,冒险,类型
狮子王,疯狂动物城,动画,类型,冒险,类型
狮子王,龙猫,动画,类型,冒险,类型
狮子王,飞屋环游记,动画,类型,冒险,类型
狮子王,哈尔的移动城堡,动画,类型,冒险,类型
狮子王,天空之城,动画,类型,冒险,类型
狮子王,幽灵公主,动画,类型,冒险,类型
狮子王,超能陆战队,动画,类型,冒险,类型
狮子王,借东西的小人阿莉埃蒂,动画,类型,冒险,类型
狮子王,驯龙高手,动画,类型,冒险,类型
指环王2：双塔奇兵,指环王3：王者无敌,剧情,类型,动作,类型,奇幻,类型,冒险,类型,彼得·杰克逊,导演,彼得·杰克逊,导演,伊利亚·伍德,演员,西恩·奥斯汀,演员,多米尼克·莫纳汉,演员,奥兰多·布鲁姆,演员,维果·莫腾森,演员,伊恩·麦克莱恩,演员,凯特·布兰切特,演员,比利·博伊德,演员,杰德·布罗菲,演员,丽芙·泰勒,演员,安迪·瑟金斯,演员,米兰达·奥图,演员,雨果·维文,演员,布拉德·道里夫,演员,伯纳德·希尔,演员,布鲁斯·霍普金斯,演员,克里斯托弗·李,演员,约翰·贝西,演员,萨拉·贝克,演员,克雷格·帕克,演员,布鲁斯·菲利普斯,演员,Robert Pollock,演员,约翰·瑞斯-戴维斯,演员,卡尔·厄本,演员,史蒂芬·乌瑞,演员,大卫·文翰,演员,菲利普·格里夫,演员,肖恩·宾,演员,约翰·诺贝尔,演员,Jarl Benzon,演员,Jørn Benzon,演员,阿利斯泰尔·布朗宁,演员,Robert Catto,演员,彼得·杰克逊,导演,彼得·杰克逊,导演,Sandro Kopp,演员
指环王2：双塔奇兵,指环王1：魔戒再现,剧情,类型,动作,类型,奇幻,类型,冒险,类型,彼得·杰克逊,导演,彼得·杰克逊,导演,伊利亚·伍德,演员,西恩·奥斯汀,演员,多米尼克·莫纳汉,演员,奥兰多·布鲁姆,演员,维果·莫腾森,演员,伊恩·麦克莱恩,演员,凯特·布兰切特,演员,比利·博伊德,演员,杰德·布罗菲,演员,丽芙·泰勒,演员,安迪·瑟金斯,演员,雨果·维文,演员,克里斯托弗·李,演员,萨拉·贝克,演员,克雷格·帕克,演员,约翰·瑞斯-戴维斯,演员,菲利普·格里夫,演员,肖恩·宾,演员,西奥沙福瓦,演员,本·弗兰舍姆,演员,彼得·杰克逊,导演,彼得·杰克逊,导演
指环王2：双塔奇兵,加勒比海盗,动作,类型,奇幻,类型,冒险,类型,奥兰多·布鲁姆,演员
指环王2：双塔奇兵,少年派的奇幻漂流,剧情,类型,奇幻,类型,冒险,类型
指环王2：双塔奇兵,本杰明·巴顿奇事,剧情,类型,奇幻,类型,凯特·布兰切特,演员
指环王2：双塔奇兵,大鱼,剧情,类型,奇幻,类型,冒险,类型
指环王2：双塔奇兵,被解救的姜戈,剧情,类型,动作,类型,冒险,类型
指环王2：双塔奇兵,七武士,剧情,类型,动作,类型,冒险,类型
指环王2：双塔奇兵,黑客帝国3：矩阵革命,动作,类型,雨果·维文,演员,纳撒尼尔·利斯,演员
指环王2：双塔奇兵,黑客帝国2：重装上阵,动作,类型,雨果·维文,演员,纳撒尼尔·利斯,演员
死亡诗社,这个杀手不太冷,剧情,类型,乔治·马丁,演员
死亡诗社,楚门的世界,剧情,类型,彼得·威尔,导演
死亡诗社,蝴蝶效应,剧情,类型,梅洛拉·沃尔特斯,演员
死亡诗社,心灵捕手,剧情,类型,罗宾·威廉姆斯,演员
死亡诗社,爱在黎明破晓前,剧情,类型,伊桑·霍克,演员
死亡诗社,爱在日落黄昏时,剧情,类型,伊桑·霍克,演员
死亡诗社,爱在午夜降临前,剧情,类型,伊桑·霍克,演员
死亡诗社,战争之王,剧情,类型,伊桑·霍克,演员
死亡诗社,千钧一发,剧情,类型,伊桑·霍克,演员
死亡诗社,肖申克的救赎,剧情,类型
黑客帝国,黑客帝国2：重装上阵,动作,类型,科幻,类型,莉莉·沃卓斯基,导演,拉娜·沃卓斯基,导演,基努·里维斯,演员,劳伦斯·菲什伯恩,演员,凯瑞-安·莫斯,演员,雨果·维文,演员,格洛丽亚·福斯特,演员,纳许·埃哲顿,演员
黑客帝国,黑客帝国3：矩阵革命,动作,类型,科幻,类型,莉莉·沃卓斯基,导演,拉娜·沃卓斯基,导演,基努·里维斯,演员,劳伦斯·菲什伯恩,演员,凯瑞-安·莫斯,演员,雨果·维文,演员
黑客帝国,蝙蝠侠：黑暗骑士,动作,类型,科幻,类型
黑客帝国,指环王3：王者无敌,动作,类型,雨果·维文,演员
黑客帝国,指环王2：双塔奇兵,动作,类型,雨果·维文,演员
黑客帝国,指环王1：魔戒再现,动作,类型,雨果·维文,演员
黑客帝国,阿凡达,动作,类型,科幻,类型
黑客帝国,蝙蝠侠：黑暗骑士崛起,动作,类型,科幻,类型
黑客帝国,超能陆战队,动作,类型,科幻,类型
黑客帝国,头号玩家,动作,类型,科幻,类型
指环王1：魔戒再现,指环王3：王者无敌,剧情,类型,动作,类型,奇幻,类型,冒险,类型,彼得·杰克逊,导演,彼得·杰克逊,导演,伊利亚·伍德,演员,西恩·奥斯汀,演员,伊恩·麦克莱恩,演员,奥兰多·布鲁姆,演员,维果·莫腾森,演员,多米尼克·莫纳汉,演员,比利·博伊德,演员,克里斯托弗·李,演员,马尔顿·索克斯,演员,伊安·霍姆,演员,凯特·布兰切特,演员,阿兰·霍华德,演员,肖恩·宾,演员,萨拉·贝克,演员,劳伦斯·马克奥雷,演员,安迪·瑟金斯,演员,克雷格·帕克,演员,约翰·瑞斯-戴维斯,演员,丽芙·泰勒,演员,雨果·维文,演员,菲利普·格里夫,演员,杰德·布罗菲,演员,彼得·杰克逊,导演,彼得·杰克逊,导演
指环王1：魔戒再现,指环王2：双塔奇兵,剧情,类型,动作,类型,奇幻,类型,冒险,类型,彼得·杰克逊,导演,彼得·杰克逊,导演,伊利亚·伍德,演员,西恩·奥斯汀,演员,伊恩·麦克莱恩,演员,奥兰多·布鲁姆,演员,维果·莫腾森,演员,多米尼克·莫纳汉,演员,比利·博伊德,演员,克里斯托弗·李,演员,凯特·布兰切特,演员,肖恩·宾,演员,萨拉·贝克,演员,安迪·瑟金斯,演员,克雷格·帕克,演员,约翰·瑞斯-戴维斯,演员,丽芙·泰勒,演员,雨果·维文,演员,菲利普·格里夫,演员,杰德·布罗菲,演员,西奥沙福瓦,演员,本·弗兰舍姆,演员,彼得·杰克逊,导演,彼得·杰克逊,导演
指环王1：魔戒再现,加勒比海盗,动作,类型,奇幻,类型,冒险,类型,奥兰多·布鲁姆,演员
指环王1：魔戒再现,少年派的奇幻漂流,剧情,类型,奇幻,类型,冒险,类型
指环王1：魔戒再现,本杰明·巴顿奇事,剧情,类型,奇幻,类型,凯特·布兰切特,演员
指环王1：魔戒再现,大鱼,剧情,类型,奇幻,类型,冒险,类型
指环王1：魔戒再现,被解救的姜戈,剧情,类型,动作,类型,冒险,类型
指环王1：魔戒再现,七武士,剧情,类型,动作,类型,冒险,类型
指环王1：魔戒再现,这个杀手不太冷,剧情,类型,动作,类型
指环王1：魔戒再现,千与千寻,剧情,类型,奇幻,类型
绿皮书,美丽人生,剧情,类型,喜剧,类型
绿皮书,三傻大闹宝莱坞,剧情,类型,喜剧,类型
绿皮书,放牛班的春天,剧情,类型,喜剧,类型
绿皮书,当幸福来敲门,剧情,类型,传记,类型
绿皮书,怦然心动,剧情,类型,喜剧,类型
绿皮书,触不可及,剧情,类型,喜剧,类型
绿皮书,末代皇帝,剧情,类型,传记,类型
绿皮书,指环王3：王者无敌,剧情,类型,维果·莫腾森,演员
绿皮书,摔跤吧！爸爸,剧情,类型,传记,类型
绿皮书,飞屋环游记,剧情,类型,喜剧,类型
让子弹飞,鬼子来了,剧情,类型,喜剧,类型,姜文,导演,姜文,导演,姜文,导演,姜文,导演,姜武,演员
让子弹飞,阳光灿烂的日子,剧情,类型,姜文,导演,姜文,导演,姜文,导演,姜文,导演,冯小刚,演员
让子弹飞,纵横四海,剧情,类型,喜剧,类型,动作,类型,周润发,演员
让子弹飞,无间道2,剧情,类型,动作,类型,刘嘉玲,演员,胡军,演员
让子弹飞,活着,剧情,类型,葛优,演员,姜武,演员
让子弹飞,被解救的姜戈,剧情,类型,动作,类型,西部,类型
让子弹飞,英雄本色,剧情,类型,动作,类型,周润发,演员
让子弹飞,东邪西毒,剧情,类型,动作,类型,刘嘉玲,演员
让子弹飞,小萝莉的猴神大叔,剧情,类型,喜剧,类型,动作,类型
让子弹飞,功夫,喜剧,类型,动作,类型,冯小刚,演员
饮食男女,喜宴,剧情,类型,家庭,类型,李安,导演,郎雄,演员,归亚蕾,演员,赵文瑄,演员
饮食男女,断背山,剧情,类型,家庭,类型,李安,导演
饮食男女,当幸福来敲门,剧情,类型,家庭,类型
饮食男女,活着,剧情,类型,家庭,类型
饮食男女,摔跤吧！爸爸,剧情,类型,家庭,类型
饮食男女,少年派的奇幻漂流,剧情,类型,李安,导演
饮食男女,海蒂和爷爷,剧情,类型,家庭,类型
饮食男女,小鞋子,剧情,类型,家庭,类型
饮食男女,7号房的礼物,剧情,类型,家庭,类型
饮食男女,一一,剧情,类型,家庭,类型
美丽心灵,音乐之声,剧情,类型,传记,类型,克里斯托弗·普卢默,演员
美丽心灵,楚门的世界,剧情,类型,艾德·哈里斯,演员
美丽心灵,当幸福来敲门,剧情,类型,传记,类型
美丽心灵,末代皇帝,剧情,类型,传记,类型
美丽心灵,摔跤吧！爸爸,剧情,类型,传记,类型
美丽心灵,飞屋环游记,剧情,类型,克里斯托弗·普卢默,演员
美丽心灵,猫鼠游戏,剧情,类型,传记,类型
美丽心灵,钢琴家,剧情,类型,传记,类型
美丽心灵,绿皮书,剧情,类型,传记,类型
美丽心灵,拯救大兵瑞恩,剧情,类型,亚当·戈德堡,演员
窃听风暴,盗梦空间,剧情,类型,悬疑,类型
窃听风暴,无间道,剧情,类型,悬疑,类型
窃听风暴,控方证人,剧情,类型,悬疑,类型
窃听风暴,搏击俱乐部,剧情,类型,悬疑,类型
窃听风暴,看不见的客人,剧情,类型,悬疑,类型
窃听风暴,致命魔术,剧情,类型,悬疑,类型
窃听风暴,禁闭岛,剧情,类型,悬疑,类型
窃听风暴,蝴蝶效应,剧情,类型,悬疑,类型
窃听风暴,七宗罪,剧情,类型,悬疑,类型
窃听风暴,致命ID,剧情,类型,悬疑,类型
两杆大烟枪,低俗小说,剧情,类型,喜剧,类型,犯罪,类型
两杆大烟枪,纵横四海,剧情,类型,喜剧,类型,犯罪,类型
两杆大烟枪,荒蛮故事,剧情,类型,喜剧,类型,犯罪,类型
两杆大烟枪,肖申克的救赎,剧情,类型,犯罪,类型
两杆大烟枪,这个杀手不太冷,剧情,类型,犯罪,类型
两杆大烟枪,美丽人生,剧情,类型,喜剧,类型
两杆大烟枪,三傻大闹宝莱坞,剧情,类型,喜剧,类型
两杆大烟枪,放牛班的春天,剧情,类型,喜剧,类型
两杆大烟枪,无间道,剧情,类型,犯罪,类型
两杆大烟枪,教父,剧情,类型,犯罪,类型
海蒂和爷爷,大鱼,剧情,类型,家庭,类型,冒险,类型
海蒂和爷爷,盗梦空间,剧情,类型,冒险,类型
海蒂和爷爷,星际穿越,剧情,类型,冒险,类型
海蒂和爷爷,当幸福来敲门,剧情,类型,家庭,类型
海蒂和爷爷,活着,剧情,类型,家庭,类型
海蒂和爷爷,指环王3：王者无敌,剧情,类型,冒险,类型
海蒂和爷爷,摔跤吧！爸爸,剧情,类型,家庭,类型
海蒂和爷爷,飞屋环游记,剧情,类型,冒险,类型
海蒂和爷爷,少年派的奇幻漂流,剧情,类型,冒险,类型
海蒂和爷爷,指环王2：双塔奇兵,剧情,类型,冒险,类型
本杰明·巴顿奇事,燃情岁月,剧情,类型,爱情,类型,布拉德·皮特,演员,朱莉娅·奥蒙德,演员
本杰明·巴顿奇事,指环王3：王者无敌,剧情,类型,奇幻,类型,凯特·布兰切特,演员
本杰明·巴顿奇事,搏击俱乐部,剧情,类型,大卫·芬奇,导演,布拉德·皮特,演员
本杰明·巴顿奇事,指环王2：双塔奇兵,剧情,类型,奇幻,类型,凯特·布兰切特,演员
本杰明·巴顿奇事,指环王1：魔戒再现,剧情,类型,奇幻,类型,凯特·布兰切特,演员
本杰明·巴顿奇事,七宗罪,剧情,类型,大卫·芬奇,导演,布拉德·皮特,演员
本杰明·巴顿奇事,剪刀手爱德华,剧情,类型,爱情,类型,奇幻,类型
本杰明·巴顿奇事,萤火之森,剧情,类型,爱情,类型,奇幻,类型
本杰明·巴顿奇事,青蛇,剧情,类型,爱情,类型,奇幻,类型
本杰明·巴顿奇事,霸王别姬,剧情,类型,爱情,类型
看不见的客人,七宗罪,剧情,类型,悬疑,类型,惊悚,类型,犯罪,类型
看不见的客人,杀人回忆,剧情,类型,悬疑,类型,惊悚,类型,犯罪,类型
看不见的客人,消失的爱人,剧情,类型,悬疑,类型,惊悚,类型,犯罪,类型
看不见的客人,记忆碎片,剧情,类型,悬疑,类型,惊悚,类型,犯罪,类型
看不见的客人,网络谜踪,剧情,类型,悬疑,类型,惊悚,类型,犯罪,类型
看不见的客人,无间道,剧情,类型,悬疑,类型,犯罪,类型
看不见的客人,控方证人,剧情,类型,悬疑,类型,犯罪,类型
看不见的客人,蝙蝠侠：黑暗骑士,剧情,类型,惊悚,类型,犯罪,类型
看不见的客人,搏击俱乐部,剧情,类型,悬疑,类型,惊悚,类型
看不见的客人,致命魔术,剧情,类型,悬疑,类型,惊悚,类型
飞越疯人院,指环王3：王者无敌,剧情,类型,布拉德·道里夫,演员
飞越疯人院,指环王2：双塔奇兵,剧情,类型,布拉德·道里夫,演员
飞越疯人院,大鱼,剧情,类型,丹尼·德维托,演员
飞越疯人院,遗愿清单,剧情,类型,杰克·尼科尔森,演员
飞越疯人院,肖申克的救赎,剧情,类型
飞越疯人院,霸王别姬,剧情,类型
飞越疯人院,阿甘正传,剧情,类型
飞越疯人院,这个杀手不太冷,剧情,类型
飞越疯人院,泰坦尼克号,剧情,类型
飞越疯人院,美丽人生,剧情,类型
西西里的美丽传说,天堂电影院,剧情,类型,朱塞佩·托纳多雷,导演,朱塞佩·托纳多雷,导演
西西里的美丽传说,美丽人生,剧情,类型,战争,类型
西西里的美丽传说,辛德勒的名单,剧情,类型,战争,类型
西西里的美丽传说,海上钢琴师,剧情,类型,朱塞佩·托纳多雷,导演
西西里的美丽传说,乱世佳人,剧情,类型,战争,类型
西西里的美丽传说,钢琴家,剧情,类型,战争,类型
西西里的美丽传说,穿条纹睡衣的男孩,剧情,类型,战争,类型
西西里的美丽传说,拯救大兵瑞恩,剧情,类型,战争,类型
西西里的美丽传说,勇敢的心,剧情,类型,战争,类型
西西里的美丽传说,血战钢锯岭,剧情,类型,战争,类型
穿条纹睡衣的男孩,美丽人生,剧情,类型,战争,类型
穿条纹睡衣的男孩,辛德勒的名单,剧情,类型,战争,类型
穿条纹睡衣的男孩,乱世佳人,剧情,类型,战争,类型
穿条纹睡衣的男孩,钢琴家,剧情,类型,战争,类型
穿条纹睡衣的男孩,西西里的美丽传说,剧情,类型,战争,类型
穿条纹睡衣的男孩,拯救大兵瑞恩,剧情,类型,战争,类型
穿条纹睡衣的男孩,勇敢的心,剧情,类型,战争,类型
穿条纹睡衣的男孩,傲慢与偏见,剧情,类型,鲁伯特·弗兰德,演员
穿条纹睡衣的男孩,血战钢锯岭,剧情,类型,战争,类型
穿条纹睡衣的男孩,卢旺达饭店,剧情,类型,战争,类型
拯救大兵瑞恩,辛德勒的名单,剧情,类型,战争,类型,史蒂文·斯皮尔伯格,导演
拯救大兵瑞恩,猫鼠游戏,剧情,类型,史蒂文·斯皮尔伯格,导演,汤姆·汉克斯,演员
拯救大兵瑞恩,幸福终点站,剧情,类型,史蒂文·斯皮尔伯格,导演,汤姆·汉克斯,演员
拯救大兵瑞恩,绿里奇迹,剧情,类型,汤姆·汉克斯,演员,巴里·佩珀,演员
拯救大兵瑞恩,阿甘正传,剧情,类型,汤姆·汉克斯,演员
拯救大兵瑞恩,美丽人生,剧情,类型,战争,类型
拯救大兵瑞恩,星际穿越,剧情,类型,马特·达蒙,演员
拯救大兵瑞恩,乱世佳人,剧情,类型,战争,类型
拯救大兵瑞恩,钢琴家,剧情,类型,战争,类型
拯救大兵瑞恩,美丽心灵,剧情,类型,亚当·戈德堡,演员
小鞋子,奇迹男孩,剧情,类型,家庭,类型,儿童,类型
小鞋子,地球上的星星,剧情,类型,家庭,类型,儿童,类型
小鞋子,当幸福来敲门,剧情,类型,家庭,类型
小鞋子,活着,剧情,类型,家庭,类型
小鞋子,摔跤吧！爸爸,剧情,类型,家庭,类型
小鞋子,饮食男女,剧情,类型,家庭,类型
小鞋子,海蒂和爷爷,剧情,类型,家庭,类型
小鞋子,断背山,剧情,类型,家庭,类型
小鞋子,7号房的礼物,剧情,类型,家庭,类型
小鞋子,一一,剧情,类型,家庭,类型
音乐之声,三傻大闹宝莱坞,剧情,类型,爱情,类型,歌舞,类型
音乐之声,美丽心灵,剧情,类型,传记,类型,克里斯托弗·普卢默,演员
音乐之声,魂断蓝桥,剧情,类型,爱情,类型,诺玛·威登,演员
音乐之声,雨中曲,爱情,类型,歌舞,类型,山姆·哈里斯,演员
音乐之声,霸王别姬,剧情,类型,爱情,类型
音乐之声,阿甘正传,剧情,类型,爱情,类型
音乐之声,泰坦尼克号,剧情,类型,爱情,类型
音乐之声,美丽人生,剧情,类型,爱情,类型
音乐之声,当幸福来敲门,剧情,类型,传记,类型
音乐之声,怦然心动,剧情,类型,爱情,类型
情书,霸王别姬,剧情,类型,爱情,类型
情书,阿甘正传,剧情,类型,爱情,类型
情书,泰坦尼克号,剧情,类型,爱情,类型
情书,美丽人生,剧情,类型,爱情,类型
情书,三傻大闹宝莱坞,剧情,类型,爱情,类型
情书,怦然心动,剧情,类型,爱情,类型
情书,乱世佳人,剧情,类型,爱情,类型
情书,罗马假日,剧情,类型,爱情,类型
情书,天堂电影院,剧情,类型,爱情,类型
情书,本杰明·巴顿奇事,剧情,类型,爱情,类型
海豚湾,人生果实,纪录片,类型
海豚湾,海洋,纪录片,类型
美国往事,教父2,剧情,类型,犯罪,类型,罗伯特·德尼罗,演员,丹尼·爱罗,演员,理查德·布赖特,演员
美国往事,这个杀手不太冷,剧情,类型,犯罪,类型,丹尼·爱罗,演员
美国往事,教父3,剧情,类型,犯罪,类型,理查德·布赖特,演员
美国往事,肖申克的救赎,剧情,类型,犯罪,类型
美国往事,无间道,剧情,类型,犯罪,类型
美国往事,教父,剧情,类型,犯罪,类型
美国往事,控方证人,剧情,类型,犯罪,类型
美国往事,蝙蝠侠：黑暗骑士,剧情,类型,犯罪,类型
美国往事,猫鼠游戏,剧情,类型,犯罪,类型
美国往事,美丽心灵,剧情,类型,詹妮弗·康纳利,演员
阿凡达,超能陆战队,动作,类型,科幻,类型,冒险,类型
阿凡达,头号玩家,动作,类型,科幻,类型,冒险,类型
阿凡达,终结者2：审判日,动作,类型,科幻,类型,詹姆斯·卡梅隆,导演
阿凡达,疯狂的麦克斯4：狂暴之路,动作,类型,科幻,类型,冒险,类型
阿凡达,盗梦空间,科幻,类型,冒险,类型,迪利普·劳,演员
阿凡达,机器人总动员,科幻,类型,冒险,类型,西格妮·韦弗,演员
阿凡达,蝙蝠侠：黑暗骑士,动作,类型,科幻,类型
阿凡达,指环王3：王者无敌,动作,类型,冒险,类型
阿凡达,指环王2：双塔奇兵,动作,类型,冒险,类型
阿凡达,黑客帝国,动作,类型,科幻,类型
致命魔术,蝙蝠侠：黑暗骑士,剧情,类型,惊悚,类型,克里斯托弗·诺兰,导演,克里斯蒂安·贝尔,演员,迈克尔·凯恩,演员
致命魔术,蝙蝠侠：黑暗骑士崛起,剧情,类型,惊悚,类型,克里斯托弗·诺兰,导演,克里斯蒂安·贝尔,演员,迈克尔·凯恩,演员
致命魔术,盗梦空间,剧情,类型,悬疑,类型,克里斯托弗·诺兰,导演,迈克尔·凯恩,演员
致命魔术,记忆碎片,剧情,类型,悬疑,类型,惊悚,类型,克里斯托弗·诺兰,导演
致命魔术,星际穿越,剧情,类型,克里斯托弗·诺兰,导演,迈克尔·凯恩,演员
致命魔术,搏击俱乐部,剧情,类型,悬疑,类型,惊悚,类型
致命魔术,看不见的客人,剧情,类型,悬疑,类型,惊悚,类型
致命魔术,禁闭岛,剧情,类型,悬疑,类型,惊悚,类型
致命魔术,蝴蝶效应,剧情,类型,悬疑,类型,惊悚,类型
致命魔术,七宗罪,剧情,类型,悬疑,类型,惊悚,类型
沉默的羔羊,蝙蝠侠：黑暗骑士,剧情,类型,惊悚,类型,犯罪,类型
沉默的羔羊,看不见的客人,剧情,类型,惊悚,类型,犯罪,类型
沉默的羔羊,禁闭岛,剧情,类型,惊悚,类型,泰德·拉文,演员
沉默的羔羊,七宗罪,剧情,类型,惊悚,类型,犯罪,类型
沉默的羔羊,杀人回忆,剧情,类型,惊悚,类型,犯罪,类型
沉默的羔羊,蝙蝠侠：黑暗骑士崛起,剧情,类型,惊悚,类型,犯罪,类型
沉默的羔羊,消失的爱人,剧情,类型,惊悚,类型,犯罪,类型
沉默的羔羊,记忆碎片,剧情,类型,惊悚,类型,犯罪,类型
沉默的羔羊,无间道2,剧情,类型,惊悚,类型,犯罪,类型
沉默的羔羊,网络谜踪,剧情,类型,惊悚,类型,犯罪,类型
禁闭岛,盗梦空间,剧情,类型,悬疑,类型,莱昂纳多·迪卡普里奥,演员
禁闭岛,搏击俱乐部,剧情,类型,悬疑,类型,惊悚,类型
禁闭岛,看不见的客人,剧情,类型,悬疑,类型,惊悚,类型
禁闭岛,致命魔术,剧情,类型,悬疑,类型,惊悚,类型
禁闭岛,沉默的羔羊,剧情,类型,惊悚,类型,泰德·拉文,演员
禁闭岛,蝴蝶效应,剧情,类型,悬疑,类型,惊悚,类型
禁闭岛,七宗罪,剧情,类型,悬疑,类型,惊悚,类型
禁闭岛,致命ID,剧情,类型,悬疑,类型,惊悚,类型
禁闭岛,杀人回忆,剧情,类型,悬疑,类型,惊悚,类型
禁闭岛,第六感,剧情,类型,悬疑,类型,惊悚,类型
低俗小说,两杆大烟枪,剧情,类型,喜剧,类型,犯罪,类型
低俗小说,被解救的姜戈,剧情,类型,昆汀·塔伦蒂诺,导演,塞缪尔·杰克逊,演员
低俗小说,纵横四海,剧情,类型,喜剧,类型,犯罪,类型
低俗小说,荒蛮故事,剧情,类型,喜剧,类型,犯罪,类型
低俗小说,无耻混蛋,剧情,类型,犯罪,类型,昆汀·塔伦蒂诺,导演
低俗小说,肖申克的救赎,剧情,类型,犯罪,类型
低俗小说,这个杀手不太冷,剧情,类型,犯罪,类型
低俗小说,美丽人生,剧情,类型,喜剧,类型
低俗小说,海上钢琴师,剧情,类型,蒂姆·罗斯,演员
低俗小说,三傻大闹宝莱坞,剧情,类型,喜剧,类型
蝴蝶效应,致命ID,剧情,类型,悬疑,类型,惊悚,类型,威廉姆·李·斯科特,演员
蝴蝶效应,记忆碎片,剧情,类型,悬疑,类型,惊悚,类型,考乐姆·吉斯·雷尼,演员
蝴蝶效应,千钧一发,剧情,类型,科幻,类型,惊悚,类型,威廉姆·李·斯科特,演员
蝴蝶效应,盗梦空间,剧情,类型,科幻,类型,悬疑,类型
蝴蝶效应,蝙蝠侠：黑暗骑士,剧情,类型,科幻,类型,惊悚,类型
蝴蝶效应,搏击俱乐部,剧情,类型,悬疑,类型,惊悚,类型
蝴蝶效应,看不见的客人,剧情,类型,悬疑,类型,惊悚,类型
蝴蝶效应,致命魔术,剧情,类型,悬疑,类型,惊悚,类型
蝴蝶效应,禁闭岛,剧情,类型,悬疑,类型,惊悚,类型
蝴蝶效应,七宗罪,剧情,类型,悬疑,类型,惊悚,类型
心灵捕手,星际穿越,剧情,类型,马特·达蒙,演员,卡西·阿弗莱克,演员
心灵捕手,死亡诗社,剧情,类型,罗宾·威廉姆斯,演员
心灵捕手,拯救大兵瑞恩,剧情,类型,马特·达蒙,演员
心灵捕手,消失的爱人,剧情,类型,本·阿弗莱克,演员
心灵捕手,海边的曼彻斯特,剧情,类型,卡西·阿弗莱克,演员
心灵捕手,肖申克的救赎,剧情,类型
心灵捕手,霸王别姬,剧情,类型
心灵捕手,阿甘正传,剧情,类型
心灵捕手,这个杀手不太冷,剧情,类型
心灵捕手,泰坦尼克号,剧情,类型
布达佩斯大饭店,飞屋环游记,剧情,类型,喜剧,类型,冒险,类型
布达佩斯大饭店,遗愿清单,剧情,类型,喜剧,类型,冒险,类型
布达佩斯大饭店,美丽人生,剧情,类型,喜剧,类型
布达佩斯大饭店,辛德勒的名单,剧情,类型,拉尔夫·费因斯,演员
布达佩斯大饭店,盗梦空间,剧情,类型,冒险,类型
布达佩斯大饭店,星际穿越,剧情,类型,冒险,类型
布达佩斯大饭店,三傻大闹宝莱坞,剧情,类型,喜剧,类型
布达佩斯大饭店,放牛班的春天,剧情,类型,喜剧,类型
布达佩斯大饭店,怦然心动,剧情,类型,喜剧,类型
布达佩斯大饭店,触不可及,剧情,类型,喜剧,类型
七宗罪,搏击俱乐部,剧情,类型,悬疑,类型,惊悚,类型,大卫·芬奇,导演,布拉德·皮特,演员
七宗罪,消失的爱人,剧情,类型,悬疑,类型,惊悚,类型,犯罪,类型,大卫·芬奇,导演
七宗罪,蝙蝠侠：黑暗骑士,剧情,类型,惊悚,类型,犯罪,类型,摩根·弗里曼,演员
七宗罪,看不见的客人,剧情,类型,悬疑,类型,惊悚,类型,犯罪,类型
七宗罪,杀人回忆,剧情,类型,悬疑,类型,惊悚,类型,犯罪,类型
七宗罪,蝙蝠侠：黑暗骑士崛起,剧情,类型,惊悚,类型,犯罪,类型,摩根·弗里曼,演员
七宗罪,记忆碎片,剧情,类型,悬疑,类型,惊悚,类型,犯罪,类型
七宗罪,网络谜踪,剧情,类型,悬疑,类型,惊悚,类型,犯罪,类型
七宗罪,肖申克的救赎,剧情,类型,犯罪,类型,摩根·弗里曼,演员
七宗罪,无间道,剧情,类型,悬疑,类型,犯罪,类型
春光乍泄,东邪西毒,剧情,类型,爱情,类型,王家卫,导演,张国荣,演员,梁朝伟,演员
春光乍泄,阿飞正传,剧情,类型,爱情,类型,王家卫,导演,张国荣,演员,梁朝伟,演员
春光乍泄,霸王别姬,剧情,类型,爱情,类型,同性,类型,张国荣,演员
春光乍泄,重庆森林,剧情,类型,爱情,类型,王家卫,导演,梁朝伟,演员
春光乍泄,花样年华,剧情,类型,爱情,类型,王家卫,导演,梁朝伟,演员
春光乍泄,请以你的名字呼唤我,剧情,类型,爱情,类型,同性,类型
春光乍泄,断背山,剧情,类型,爱情,类型,同性,类型
春光乍泄,喜宴,剧情,类型,爱情,类型,同性,类型
春光乍泄,色，戒,剧情,类型,爱情,类型,梁朝伟,演员
春光乍泄,阿甘正传,剧情,类型,爱情,类型
哈利·波特与死亡圣器(下),哈利·波特与火焰杯,奇幻,类型,冒险,类型,丹尼尔·雷德克里夫,演员,艾玛·沃森,演员,鲁伯特·格林特,演员,拉尔夫·费因斯,演员,艾伦·瑞克曼,演员,玛吉·史密斯,演员,汤姆·费尔顿,演员,邦妮·怀特,演员,迈克尔·刚本,演员,克蕾曼丝·波西,演员,詹森·艾萨克,演员,马修·刘易斯,演员,梁佩诗,演员,加里·奥德曼,演员,蒂莫西·斯波,演员,大卫·布拉德利,演员,罗彼·考特拉尼,演员
哈利·波特与死亡圣器(下),哈利·波特与阿兹卡班的囚徒,奇幻,类型,冒险,类型,丹尼尔·雷德克里夫,演员,艾玛·沃森,演员,鲁伯特·格林特,演员,艾伦·瑞克曼,演员,玛吉·史密斯,演员,汤姆·费尔顿,演员,邦妮·怀特,演员,朱丽·沃特斯,演员,迈克尔·刚本,演员,大卫·休里斯,演员,加里·奥德曼,演员,艾玛·汤普森,演员,蒂莫西·斯波,演员
哈利·波特与死亡圣器(下),哈利·波特与魔法石,奇幻,类型,冒险,类型,丹尼尔·雷德克里夫,演员,艾玛·沃森,演员,鲁伯特·格林特,演员,艾伦·瑞克曼,演员,玛吉·史密斯,演员,汤姆·费尔顿,演员,邦妮·怀特,演员,朱丽·沃特斯,演员,约翰·赫特,演员,罗彼·考特拉尼,演员
哈利·波特与死亡圣器(下),哈利·波特与密室,奇幻,类型,冒险,类型,丹尼尔·雷德克里夫,演员,艾玛·沃森,演员,鲁伯特·格林特,演员,艾伦·瑞克曼,演员,玛吉·史密斯,演员,汤姆·费尔顿,演员,邦妮·怀特,演员,朱丽·沃特斯,演员,詹森·艾萨克,演员
哈利·波特与死亡圣器(下),大鱼,奇幻,类型,冒险,类型,海伦娜·伯翰·卡特,演员
哈利·波特与死亡圣器(下),香水,奇幻,类型,艾伦·瑞克曼,演员,约翰·赫特,演员
哈利·波特与死亡圣器(下),龙猫,奇幻,类型,冒险,类型
哈利·波特与死亡圣器(下),指环王3：王者无敌,奇幻,类型,冒险,类型
哈利·波特与死亡圣器(下),少年派的奇幻漂流,奇幻,类型,冒险,类型
哈利·波特与死亡圣器(下),哈尔的移动城堡,奇幻,类型,冒险,类型
摩登时代,城市之光,剧情,类型,喜剧,类型,爱情,类型,查理·卓别林,导演,查理·卓别林,导演,查理·卓别林,导演,查理·卓别林,导演,亨利·伯格曼,演员
摩登时代,美丽人生,剧情,类型,喜剧,类型,爱情,类型
摩登时代,三傻大闹宝莱坞,剧情,类型,喜剧,类型,爱情,类型
摩登时代,怦然心动,剧情,类型,喜剧,类型,爱情,类型
摩登时代,罗马假日,剧情,类型,喜剧,类型,爱情,类型
摩登时代,喜剧之王,剧情,类型,喜剧,类型,爱情,类型
摩登时代,天使爱美丽,剧情,类型,喜剧,类型,爱情,类型
摩登时代,幸福终点站,剧情,类型,喜剧,类型,爱情,类型
摩登时代,喜宴,剧情,类型,喜剧,类型,爱情,类型
摩登时代,真爱至上,剧情,类型,喜剧,类型,爱情,类型
被嫌弃的松子的一生,三傻大闹宝莱坞,剧情,类型,歌舞,类型
被嫌弃的松子的一生,鬼子来了,剧情,类型,香川照之,演员
被嫌弃的松子的一生,音乐之声,剧情,类型,歌舞,类型
被嫌弃的松子的一生,菊次郎的夏天,剧情,类型,田中要次,演员
被嫌弃的松子的一生,告白,剧情,类型,中岛哲也,导演
被嫌弃的松子的一生,小偷家族,剧情,类型,柄本明,演员
被嫌弃的松子的一生,肖申克的救赎,剧情,类型
被嫌弃的松子的一生,霸王别姬,剧情,类型
被嫌弃的松子的一生,阿甘正传,剧情,类型
被嫌弃的松子的一生,这个杀手不太冷,剧情,类型
喜剧之王,功夫,喜剧,类型,周星驰,演员,周星驰,演员,周星驰,演员,周星驰,演员,林子善,演员,田启文,演员
喜剧之王,大话西游之大圣娶亲,喜剧,类型,爱情,类型,周星驰,演员,周星驰,演员,莫文蔚,演员,吴孟达,演员
喜剧之王,大话西游之月光宝盒,喜剧,类型,爱情,类型,周星驰,演员,周星驰,演员,莫文蔚,演员,吴孟达,演员
喜剧之王,九品芝麻官,剧情,类型,喜剧,类型,周星驰,演员,周星驰,演员,吴孟达,演员
喜剧之王,唐伯虎点秋香,喜剧,类型,爱情,类型,周星驰,演员,李力持,导演,周星驰,演员
喜剧之王,美丽人生,剧情,类型,喜剧,类型,爱情,类型
喜剧之王,三傻大闹宝莱坞,剧情,类型,喜剧,类型,爱情,类型
喜剧之王,怦然心动,剧情,类型,喜剧,类型,爱情,类型
喜剧之王,罗马假日,剧情,类型,喜剧,类型,爱情,类型
喜剧之王,摩登时代,剧情,类型,喜剧,类型,爱情,类型
致命ID,蝴蝶效应,剧情,类型,悬疑,类型,惊悚,类型,威廉姆·李·斯科特,演员
致命ID,搏击俱乐部,剧情,类型,悬疑,类型,惊悚,类型
致命ID,看不见的客人,剧情,类型,悬疑,类型,惊悚,类型
致命ID,致命魔术,剧情,类型,悬疑,类型,惊悚,类型
致命ID,禁闭岛,剧情,类型,悬疑,类型,惊悚,类型
致命ID,七宗罪,剧情,类型,悬疑,类型,惊悚,类型
致命ID,杀人回忆,剧情,类型,悬疑,类型,惊悚,类型
致命ID,第六感,剧情,类型,悬疑,类型,惊悚,类型
致命ID,消失的爱人,剧情,类型,悬疑,类型,惊悚,类型
致命ID,记忆碎片,剧情,类型,悬疑,类型,惊悚,类型
杀人回忆,蝙蝠侠：黑暗骑士,剧情,类型,动作,类型,惊悚,类型,犯罪,类型
杀人回忆,搏击俱乐部,剧情,类型,动作,类型,悬疑,类型,惊悚,类型
杀人回忆,看不见的客人,剧情,类型,悬疑,类型,惊悚,类型,犯罪,类型
杀人回忆,七宗罪,剧情,类型,悬疑,类型,惊悚,类型,犯罪,类型
杀人回忆,蝙蝠侠：黑暗骑士崛起,剧情,类型,动作,类型,惊悚,类型,犯罪,类型
杀人回忆,消失的爱人,剧情,类型,悬疑,类型,惊悚,类型,犯罪,类型
杀人回忆,记忆碎片,剧情,类型,悬疑,类型,惊悚,类型,犯罪,类型
杀人回忆,无间道2,剧情,类型,动作,类型,惊悚,类型,犯罪,类型
杀人回忆,网络谜踪,剧情,类型,悬疑,类型,惊悚,类型,犯罪,类型
杀人回忆,这个杀手不太冷,剧情,类型,动作,类型,犯罪,类型
剪刀手爱德华,本杰明·巴顿奇事,剧情,类型,爱情,类型,奇幻,类型
剪刀手爱德华,萤火之森,剧情,类型,爱情,类型,奇幻,类型
剪刀手爱德华,大鱼,剧情,类型,奇幻,类型,蒂姆·波顿,导演
剪刀手爱德华,青蛇,剧情,类型,爱情,类型,奇幻,类型
剪刀手爱德华,霸王别姬,剧情,类型,爱情,类型
剪刀手爱德华,阿甘正传,剧情,类型,爱情,类型
剪刀手爱德华,泰坦尼克号,剧情,类型,爱情,类型
剪刀手爱德华,美丽人生,剧情,类型,爱情,类型
剪刀手爱德华,千与千寻,剧情,类型,奇幻,类型
剪刀手爱德华,三傻大闹宝莱坞,剧情,类型,爱情,类型
加勒比海盗,指环王3：王者无敌,动作,类型,奇幻,类型,冒险,类型,奥兰多·布鲁姆,演员
加勒比海盗,指环王2：双塔奇兵,动作,类型,奇幻,类型,冒险,类型,奥兰多·布鲁姆,演员
加勒比海盗,指环王1：魔戒再现,动作,类型,奇幻,类型,冒险,类型,奥兰多·布鲁姆,演员
加勒比海盗,阿凡达,动作,类型,冒险,类型
加勒比海盗,功夫,动作,类型,奇幻,类型
加勒比海盗,超能陆战队,动作,类型,冒险,类型
加勒比海盗,被解救的姜戈,动作,类型,冒险,类型
加勒比海盗,七武士,动作,类型,冒险,类型
加勒比海盗,头号玩家,动作,类型,冒险,类型
加勒比海盗,疯狂的麦克斯4：狂暴之路,动作,类型,冒险,类型
勇敢的心,血战钢锯岭,剧情,类型,传记,类型,历史,类型,战争,类型,梅尔·吉布森,导演,梅尔·吉布森,导演
勇敢的心,卢旺达饭店,剧情,类型,传记,类型,历史,类型,战争,类型
勇敢的心,辛德勒的名单,剧情,类型,历史,类型,战争,类型
勇敢的心,末代皇帝,剧情,类型,传记,类型,历史,类型
勇敢的心,乱世佳人,剧情,类型,历史,类型,战争,类型
勇敢的心,钢琴家,剧情,类型,传记,类型,战争,类型
勇敢的心,模仿游戏,剧情,类型,传记,类型,战争,类型
勇敢的心,黑鹰坠落,动作,类型,历史,类型,战争,类型
勇敢的心,这个杀手不太冷,剧情,类型,动作,类型
勇敢的心,美丽人生,剧情,类型,战争,类型
狩猎,肖申克的救赎,剧情,类型
狩猎,霸王别姬,剧情,类型
狩猎,阿甘正传,剧情,类型
狩猎,这个杀手不太冷,剧情,类型
狩猎,泰坦尼克号,剧情,类型
狩猎,美丽人生,剧情,类型
狩猎,千与千寻,剧情,类型
狩猎,辛德勒的名单,剧情,类型
狩猎,盗梦空间,剧情,类型
狩猎,忠犬八公的故事,剧情,类型
请以你的名字呼唤我,霸王别姬,剧情,类型,爱情,类型,同性,类型
请以你的名字呼唤我,春光乍泄,剧情,类型,爱情,类型,同性,类型
请以你的名字呼唤我,断背山,剧情,类型,爱情,类型,同性,类型
请以你的名字呼唤我,喜宴,剧情,类型,爱情,类型,同性,类型
请以你的名字呼唤我,阿甘正传,剧情,类型,爱情,类型
请以你的名字呼唤我,泰坦尼克号,剧情,类型,爱情,类型
请以你的名字呼唤我,美丽人生,剧情,类型,爱情,类型
请以你的名字呼唤我,星际穿越,剧情,类型,蒂莫西·柴勒梅德,演员
请以你的名字呼唤我,三傻大闹宝莱坞,剧情,类型,爱情,类型
请以你的名字呼唤我,怦然心动,剧情,类型,爱情,类型
天使爱美丽,美丽人生,剧情,类型,喜剧,类型,爱情,类型
天使爱美丽,三傻大闹宝莱坞,剧情,类型,喜剧,类型,爱情,类型
天使爱美丽,怦然心动,剧情,类型,喜剧,类型,爱情,类型
天使爱美丽,罗马假日,剧情,类型,喜剧,类型,爱情,类型
天使爱美丽,摩登时代,剧情,类型,喜剧,类型,爱情,类型
天使爱美丽,喜剧之王,剧情,类型,喜剧,类型,爱情,类型
天使爱美丽,幸福终点站,剧情,类型,喜剧,类型,爱情,类型
天使爱美丽,喜宴,剧情,类型,喜剧,类型,爱情,类型
天使爱美丽,真爱至上,剧情,类型,喜剧,类型,爱情,类型
天使爱美丽,城市之光,剧情,类型,喜剧,类型,爱情,类型
断背山,喜宴,剧情,类型,爱情,类型,同性,类型,家庭,类型,李安,导演
断背山,霸王别姬,剧情,类型,爱情,类型,同性,类型
断背山,饮食男女,剧情,类型,家庭,类型,李安,导演
断背山,春光乍泄,剧情,类型,爱情,类型,同性,类型
断背山,请以你的名字呼唤我,剧情,类型,爱情,类型,同性,类型
断背山,一一,剧情,类型,爱情,类型,家庭,类型
断背山,海边的曼彻斯特,剧情,类型,家庭,类型,米歇尔·威廉姆斯,演员
断背山,色，戒,剧情,类型,爱情,类型,李安,导演
断背山,阿甘正传,剧情,类型,爱情,类型
断背山,泰坦尼克号,剧情,类型,爱情,类型
红辣椒,东京教父,动画,类型,今敏,导演,江守彻,演员,大塚明夫,演员,山寺宏一,演员,兴梠里美,演员,川濑晶子,演员,今敏,导演
红辣椒,未麻的部屋,动画,类型,惊悚,类型,今敏,导演,今敏,导演
红辣椒,蝴蝶效应,科幻,类型,悬疑,类型,惊悚,类型
红辣椒,源代码,科幻,类型,悬疑,类型,惊悚,类型
红辣椒,彗星来的那一夜,科幻,类型,悬疑,类型,惊悚,类型
红辣椒,魔女宅急便,动画,类型,大塚明夫,演员,山寺宏一,演员
红辣椒,盗梦空间,科幻,类型,悬疑,类型
红辣椒,机器人总动员,科幻,类型,动画,类型
红辣椒,蝙蝠侠：黑暗骑士,科幻,类型,惊悚,类型
红辣椒,蝙蝠侠：黑暗骑士崛起,科幻,类型,惊悚,类型
7号房的礼物,喜宴,剧情,类型,喜剧,类型,家庭,类型
7号房的礼物,美丽人生,剧情,类型,喜剧,类型
7号房的礼物,三傻大闹宝莱坞,剧情,类型,喜剧,类型
7号房的礼物,放牛班的春天,剧情,类型,喜剧,类型
7号房的礼物,当幸福来敲门,剧情,类型,家庭,类型
7号房的礼物,怦然心动,剧情,类型,喜剧,类型
7号房的礼物,触不可及,剧情,类型,喜剧,类型
7号房的礼物,活着,剧情,类型,家庭,类型
7号房的礼物,摔跤吧！爸爸,剧情,类型,家庭,类型
7号房的礼物,飞屋环游记,剧情,类型,喜剧,类型
幽灵公主,风之谷,动画,类型,奇幻,类型,冒险,类型,宫崎骏,导演,松田洋治,演员,岛本须美,演员
幽灵公主,龙猫,动画,类型,奇幻,类型,冒险,类型,宫崎骏,导演,岛本须美,演员
幽灵公主,哈尔的移动城堡,动画,类型,奇幻,类型,冒险,类型,宫崎骏,导演,美轮明宏,演员
幽灵公主,千与千寻,动画,类型,奇幻,类型,宫崎骏,导演,上条恒彦,演员
幽灵公主,天空之城,动画,类型,奇幻,类型,冒险,类型,宫崎骏,导演
幽灵公主,魔女宅急便,动画,类型,奇幻,类型,冒险,类型,宫崎骏,导演
幽灵公主,崖上的波妞,动画,类型,奇幻,类型,冒险,类型,宫崎骏,导演
幽灵公主,借东西的小人阿莉埃蒂,动画,类型,奇幻,类型,冒险,类型
幽灵公主,驯龙高手,动画,类型,奇幻,类型,冒险,类型
幽灵公主,怪兽电力公司,动画,类型,奇幻,类型,冒险,类型
小森林,小森林,剧情,类型,森淳一,导演,桥本爱,演员,三浦贵大,演员,松冈茉优,演员,温水洋一,演员,桐岛加恋,演员
小森林,告白,剧情,类型,桥本爱,演员
小森林,小偷家族,剧情,类型,松冈茉优,演员
小森林,肖申克的救赎,剧情,类型
小森林,霸王别姬,剧情,类型
小森林,阿甘正传,剧情,类型
小森林,这个杀手不太冷,剧情,类型
小森林,泰坦尼克号,剧情,类型
小森林,美丽人生,剧情,类型
小森林,千与千寻,剧情,类型
第六感,搏击俱乐部,剧情,类型,悬疑,类型,惊悚,类型
第六感,看不见的客人,剧情,类型,悬疑,类型,惊悚,类型
第六感,致命魔术,剧情,类型,悬疑,类型,惊悚,类型
第六感,禁闭岛,剧情,类型,悬疑,类型,惊悚,类型
第六感,蝴蝶效应,剧情,类型,悬疑,类型,惊悚,类型
第六感,七宗罪,剧情,类型,悬疑,类型,惊悚,类型
第六感,致命ID,剧情,类型,悬疑,类型,惊悚,类型
第六感,杀人回忆,剧情,类型,悬疑,类型,惊悚,类型
第六感,消失的爱人,剧情,类型,悬疑,类型,惊悚,类型
第六感,记忆碎片,剧情,类型,悬疑,类型,惊悚,类型
阳光灿烂的日子,让子弹飞,剧情,类型,姜文,导演,姜文,导演,冯小刚,演员,姜文,导演,姜文,导演
阳光灿烂的日子,鬼子来了,剧情,类型,姜文,导演,姜文,导演,姜文,导演,姜文,导演
阳光灿烂的日子,霸王别姬,剧情,类型,爱情,类型
阳光灿烂的日子,阿甘正传,剧情,类型,爱情,类型
阳光灿烂的日子,泰坦尼克号,剧情,类型,爱情,类型
阳光灿烂的日子,美丽人生,剧情,类型,爱情,类型
阳光灿烂的日子,三傻大闹宝莱坞,剧情,类型,爱情,类型
阳光灿烂的日子,怦然心动,剧情,类型,爱情,类型
阳光灿烂的日子,乱世佳人,剧情,类型,爱情,类型
阳光灿烂的日子,罗马假日,剧情,类型,爱情,类型
重庆森林,东邪西毒,剧情,类型,爱情,类型,王家卫,导演,林青霞,演员,梁朝伟,演员
重庆森林,春光乍泄,剧情,类型,爱情,类型,王家卫,导演,梁朝伟,演员
重庆森林,花样年华,剧情,类型,爱情,类型,王家卫,导演,梁朝伟,演员
重庆森林,阿飞正传,剧情,类型,爱情,类型,王家卫,导演,梁朝伟,演员
重庆森林,色，戒,剧情,类型,爱情,类型,梁朝伟,演员
重庆森林,霸王别姬,剧情,类型,爱情,类型
重庆森林,阿甘正传,剧情,类型,爱情,类型
重庆森林,泰坦尼克号,剧情,类型,爱情,类型
重庆森林,美丽人生,剧情,类型,爱情,类型
重庆森林,三傻大闹宝莱坞,剧情,类型,爱情,类型
唐伯虎点秋香,大话西游之大圣娶亲,喜剧,类型,爱情,类型,古装,类型,周星驰,演员,蓝洁瑛,演员,李健仁,演员
唐伯虎点秋香,大话西游之月光宝盒,喜剧,类型,爱情,类型,古装,类型,周星驰,演员,蓝洁瑛,演员,李健仁,演员
唐伯虎点秋香,九品芝麻官,喜剧,类型,古装,类型,周星驰,演员,苑琼丹,演员,梁荣忠,演员,黄一山,演员
唐伯虎点秋香,喜剧之王,喜剧,类型,爱情,类型,李力持,导演,周星驰,演员,周星驰,演员
唐伯虎点秋香,功夫,喜剧,类型,周星驰,演员,周星驰,演员
唐伯虎点秋香,美丽人生,喜剧,类型,爱情,类型
唐伯虎点秋香,三傻大闹宝莱坞,喜剧,类型,爱情,类型
唐伯虎点秋香,怦然心动,喜剧,类型,爱情,类型
唐伯虎点秋香,罗马假日,喜剧,类型,爱情,类型
唐伯虎点秋香,摩登时代,喜剧,类型,爱情,类型
超脱,教父,剧情,类型,詹姆斯·肯恩,演员
超脱,钢琴家,剧情,类型,艾德里安·布洛迪,演员
超脱,教父2,剧情,类型,詹姆斯·肯恩,演员
超脱,美丽心灵,剧情,类型,乔什·帕斯,演员
超脱,拯救大兵瑞恩,剧情,类型,布莱恩·科兰斯顿,演员
超脱,布达佩斯大饭店,剧情,类型,艾德里安·布洛迪,演员
超脱,肖申克的救赎,剧情,类型
超脱,霸王别姬,剧情,类型
超脱,阿甘正传,剧情,类型
超脱,这个杀手不太冷,剧情,类型
功夫,喜剧之王,喜剧,类型,周星驰,演员,周星驰,演员,周星驰,演员,周星驰,演员,田启文,演员,林子善,演员
功夫,大话西游之大圣娶亲,喜剧,类型,奇幻,类型,周星驰,演员,周星驰,演员
功夫,大话西游之月光宝盒,喜剧,类型,奇幻,类型,周星驰,演员,周星驰,演员
功夫,让子弹飞,喜剧,类型,动作,类型,冯小刚,演员
功夫,唐伯虎点秋香,喜剧,类型,周星驰,演员,周星驰,演员
功夫,纵横四海,喜剧,类型,动作,类型,犯罪,类型
功夫,九品芝麻官,喜剧,类型,周星驰,演员,周星驰,演员
功夫,寻梦环游记,喜剧,类型,奇幻,类型
功夫,两杆大烟枪,喜剧,类型,犯罪,类型
功夫,低俗小说,喜剧,类型,犯罪,类型
爱在黎明破晓前,爱在午夜降临前,剧情,类型,爱情,类型,理查德·林克莱特,导演,伊桑·霍克,演员,朱莉·德尔佩,演员,约翰·斯洛斯,演员
爱在黎明破晓前,爱在日落黄昏时,剧情,类型,爱情,类型,理查德·林克莱特,导演,伊桑·霍克,演员,朱莉·德尔佩,演员
爱在黎明破晓前,霸王别姬,剧情,类型,爱情,类型
爱在黎明破晓前,阿甘正传,剧情,类型,爱情,类型
爱在黎明破晓前,泰坦尼克号,剧情,类型,爱情,类型
爱在黎明破晓前,美丽人生,剧情,类型,爱情,类型
爱在黎明破晓前,三傻大闹宝莱坞,剧情,类型,爱情,类型
爱在黎明破晓前,怦然心动,剧情,类型,爱情,类型
爱在黎明破晓前,乱世佳人,剧情,类型,爱情,类型
爱在黎明破晓前,罗马假日,剧情,类型,爱情,类型
小森林,小森林,剧情,类型,森淳一,导演,桥本爱,演员,三浦贵大,演员,松冈茉优,演员,温水洋一,演员,桐岛加恋,演员
小森林,告白,剧情,类型,桥本爱,演员
小森林,小偷家族,剧情,类型,松冈茉优,演员
小森林,肖申克的救赎,剧情,类型
小森林,霸王别姬,剧情,类型
小森林,阿甘正传,剧情,类型
小森林,这个杀手不太冷,剧情,类型
小森林,泰坦尼克号,剧情,类型
小森林,美丽人生,剧情,类型
小森林,千与千寻,剧情,类型
入殓师,菊次郎的夏天,剧情,类型,吉行和子,演员
入殓师,肖申克的救赎,剧情,类型
入殓师,霸王别姬,剧情,类型
入殓师,阿甘正传,剧情,类型
入殓师,这个杀手不太冷,剧情,类型
入殓师,泰坦尼克号,剧情,类型
入殓师,美丽人生,剧情,类型
入殓师,千与千寻,剧情,类型
入殓师,辛德勒的名单,剧情,类型
入殓师,盗梦空间,剧情,类型
一一,牯岭街少年杀人事件,剧情,类型,杨德昌,导演,金燕玲,演员,柯宇纶,演员
一一,断背山,剧情,类型,爱情,类型,家庭,类型
一一,喜宴,剧情,类型,爱情,类型,家庭,类型
一一,色，戒,剧情,类型,爱情,类型,柯宇纶,演员
一一,霸王别姬,剧情,类型,爱情,类型
一一,阿甘正传,剧情,类型,爱情,类型
一一,泰坦尼克号,剧情,类型,爱情,类型
一一,美丽人生,剧情,类型,爱情,类型
一一,三傻大闹宝莱坞,剧情,类型,爱情,类型
一一,当幸福来敲门,剧情,类型,家庭,类型
蝙蝠侠：黑暗骑士崛起,蝙蝠侠：黑暗骑士,剧情,类型,动作,类型,科幻,类型,惊悚,类型,犯罪,类型,克里斯托弗·诺兰,导演,克里斯蒂安·贝尔,演员,加里·奥德曼,演员,迈克尔·凯恩,演员,摩根·弗里曼,演员,内斯特·卡博内尔,演员,基里安·墨菲,演员
蝙蝠侠：黑暗骑士崛起,盗梦空间,剧情,类型,科幻,类型,克里斯托弗·诺兰,导演,汤姆·哈迪,演员,约瑟夫·高登-莱维特,演员,玛丽昂·歌迪亚,演员,迈克尔·凯恩,演员,基里安·墨菲,演员
蝙蝠侠：黑暗骑士崛起,星际穿越,剧情,类型,科幻,类型,克里斯托弗·诺兰,导演,安妮·海瑟薇,演员,迈克尔·凯恩,演员,乔什·斯图沃特,演员
蝙蝠侠：黑暗骑士崛起,致命魔术,剧情,类型,惊悚,类型,克里斯托弗·诺兰,导演,克里斯蒂安·贝尔,演员,迈克尔·凯恩,演员
蝙蝠侠：黑暗骑士崛起,这个杀手不太冷,剧情,类型,动作,类型,犯罪,类型,加里·奥德曼,演员
蝙蝠侠：黑暗骑士崛起,七宗罪,剧情,类型,惊悚,类型,犯罪,类型,摩根·弗里曼,演员
蝙蝠侠：黑暗骑士崛起,杀人回忆,剧情,类型,动作,类型,惊悚,类型,犯罪,类型
蝙蝠侠：黑暗骑士崛起,记忆碎片,剧情,类型,惊悚,类型,犯罪,类型,克里斯托弗·诺兰,导演
蝙蝠侠：黑暗骑士崛起,无间道2,剧情,类型,动作,类型,惊悚,类型,犯罪,类型
蝙蝠侠：黑暗骑士崛起,肖申克的救赎,剧情,类型,犯罪,类型,摩根·弗里曼,演员
消失的爱人,七宗罪,剧情,类型,悬疑,类型,惊悚,类型,犯罪,类型,大卫·芬奇,导演
消失的爱人,搏击俱乐部,剧情,类型,悬疑,类型,惊悚,类型,大卫·芬奇,导演
消失的爱人,看不见的客人,剧情,类型,悬疑,类型,惊悚,类型,犯罪,类型
消失的爱人,杀人回忆,剧情,类型,悬疑,类型,惊悚,类型,犯罪,类型
消失的爱人,记忆碎片,剧情,类型,悬疑,类型,惊悚,类型,犯罪,类型
消失的爱人,网络谜踪,剧情,类型,悬疑,类型,惊悚,类型,犯罪,类型
消失的爱人,无间道,剧情,类型,悬疑,类型,犯罪,类型
消失的爱人,控方证人,剧情,类型,悬疑,类型,犯罪,类型
消失的爱人,蝙蝠侠：黑暗骑士,剧情,类型,惊悚,类型,犯罪,类型
消失的爱人,致命魔术,剧情,类型,悬疑,类型,惊悚,类型
菊次郎的夏天,美丽人生,剧情,类型,喜剧,类型
菊次郎的夏天,三傻大闹宝莱坞,剧情,类型,喜剧,类型
菊次郎的夏天,放牛班的春天,剧情,类型,喜剧,类型
菊次郎的夏天,怦然心动,剧情,类型,喜剧,类型
菊次郎的夏天,触不可及,剧情,类型,喜剧,类型
菊次郎的夏天,飞屋环游记,剧情,类型,喜剧,类型
菊次郎的夏天,鬼子来了,剧情,类型,喜剧,类型
菊次郎的夏天,我不是药神,剧情,类型,喜剧,类型
菊次郎的夏天,罗马假日,剧情,类型,喜剧,类型
菊次郎的夏天,绿皮书,剧情,类型,喜剧,类型
人生果实,海豚湾,纪录片,类型
人生果实,海洋,纪录片,类型
侧耳倾听,萤火之森,剧情,类型,爱情,类型,动画,类型
侧耳倾听,你的名字。,剧情,类型,爱情,类型,动画,类型
侧耳倾听,穿越时空的少女,剧情,类型,爱情,类型,动画,类型
侧耳倾听,霸王别姬,剧情,类型,爱情,类型
侧耳倾听,阿甘正传,剧情,类型,爱情,类型
侧耳倾听,泰坦尼克号,剧情,类型,爱情,类型
侧耳倾听,美丽人生,剧情,类型,爱情,类型
侧耳倾听,千与千寻,剧情,类型,动画,类型
侧耳倾听,三傻大闹宝莱坞,剧情,类型,爱情,类型
侧耳倾听,怦然心动,剧情,类型,爱情,类型
无人知晓,步履不停,剧情,类型,是枝裕和,导演,江原由希子,演员,寺岛进,演员
无人知晓,海街日记,剧情,类型,是枝裕和,导演,加濑亮,演员
无人知晓,小偷家族,剧情,类型,是枝裕和,导演
无人知晓,肖申克的救赎,剧情,类型
无人知晓,霸王别姬,剧情,类型
无人知晓,阿甘正传,剧情,类型
无人知晓,这个杀手不太冷,剧情,类型
无人知晓,泰坦尼克号,剧情,类型
无人知晓,美丽人生,剧情,类型
无人知晓,千与千寻,剧情,类型
超能陆战队,疯狂动物城,喜剧,类型,动画,类型,冒险,类型,艾伦·图代克,演员,凯蒂·洛斯,演员
超能陆战队,无敌破坏王,喜剧,类型,动画,类型,冒险,类型,艾伦·图代克,演员,凯蒂·洛斯,演员
超能陆战队,怪兽电力公司,喜剧,类型,动画,类型,冒险,类型,丹尼尔·吉尔森,演员
超能陆战队,头号玩家,动作,类型,科幻,类型,冒险,类型,T·J·米勒,演员
超能陆战队,飞屋环游记,喜剧,类型,动画,类型,冒险,类型
超能陆战队,神偷奶爸,喜剧,类型,动画,类型,冒险,类型
超能陆战队,玩具总动员3,喜剧,类型,动画,类型,冒险,类型
超能陆战队,疯狂原始人,喜剧,类型,动画,类型,冒险,类型
超能陆战队,头脑特工队,喜剧,类型,动画,类型,冒险,类型
超能陆战队,冰川时代,喜剧,类型,动画,类型,冒险,类型
倩女幽魂,射雕英雄传之东成西就,奇幻,类型,武侠,类型,古装,类型,张国荣,演员,王祖贤,演员
倩女幽魂,东邪西毒,爱情,类型,武侠,类型,古装,类型,张国荣,演员
倩女幽魂,青蛇,爱情,类型,奇幻,类型,古装,类型,王祖贤,演员
倩女幽魂,大话西游之大圣娶亲,爱情,类型,奇幻,类型,古装,类型
倩女幽魂,大话西游之月光宝盒,爱情,类型,奇幻,类型,古装,类型
倩女幽魂,新龙门客栈,爱情,类型,武侠,类型,古装,类型
倩女幽魂,霸王别姬,爱情,类型,张国荣,演员
倩女幽魂,本杰明·巴顿奇事,爱情,类型,奇幻,类型
倩女幽魂,春光乍泄,爱情,类型,张国荣,演员
倩女幽魂,剪刀手爱德华,爱情,类型,奇幻,类型
甜蜜蜜,花样年华,剧情,类型,爱情,类型,张曼玉,演员
甜蜜蜜,东邪西毒,剧情,类型,爱情,类型,张曼玉,演员
甜蜜蜜,青蛇,剧情,类型,爱情,类型,张曼玉,演员
甜蜜蜜,阿飞正传,剧情,类型,爱情,类型,张曼玉,演员
甜蜜蜜,霸王别姬,剧情,类型,爱情,类型
甜蜜蜜,阿甘正传,剧情,类型,爱情,类型
甜蜜蜜,泰坦尼克号,剧情,类型,爱情,类型
甜蜜蜜,美丽人生,剧情,类型,爱情,类型
甜蜜蜜,三傻大闹宝莱坞,剧情,类型,爱情,类型
甜蜜蜜,无间道,剧情,类型,曾志伟,演员
借东西的小人阿莉埃蒂,哈尔的移动城堡,动画,类型,奇幻,类型,冒险,类型,神木隆之介,演员
借东西的小人阿莉埃蒂,千与千寻,动画,类型,奇幻,类型,神木隆之介,演员
借东西的小人阿莉埃蒂,龙猫,动画,类型,奇幻,类型,冒险,类型
借东西的小人阿莉埃蒂,天空之城,动画,类型,奇幻,类型,冒险,类型
借东西的小人阿莉埃蒂,幽灵公主,动画,类型,奇幻,类型,冒险,类型
借东西的小人阿莉埃蒂,驯龙高手,动画,类型,奇幻,类型,冒险,类型
借东西的小人阿莉埃蒂,怪兽电力公司,动画,类型,奇幻,类型,冒险,类型
借东西的小人阿莉埃蒂,玩具总动员3,动画,类型,奇幻,类型,冒险,类型
借东西的小人阿莉埃蒂,哪吒闹海,动画,类型,奇幻,类型,冒险,类型
借东西的小人阿莉埃蒂,风之谷,动画,类型,奇幻,类型,冒险,类型
萤火之森,千与千寻,剧情,类型,动画,类型,奇幻,类型
萤火之森,本杰明·巴顿奇事,剧情,类型,爱情,类型,奇幻,类型
萤火之森,剪刀手爱德华,剧情,类型,爱情,类型,奇幻,类型
萤火之森,侧耳倾听,剧情,类型,爱情,类型,动画,类型
萤火之森,你的名字。,剧情,类型,爱情,类型,动画,类型
萤火之森,青蛇,剧情,类型,爱情,类型,奇幻,类型
萤火之森,穿越时空的少女,剧情,类型,爱情,类型,动画,类型
萤火之森,未麻的部屋,动画,类型,奇幻,类型,辻亲八,演员
萤火之森,魔女宅急便,动画,类型,奇幻,类型,辻亲八,演员
萤火之森,霸王别姬,剧情,类型,爱情,类型
哈利·波特与阿兹卡班的囚徒,哈利·波特与死亡圣器(下),奇幻,类型,冒险,类型,丹尼尔·雷德克里夫,演员,艾玛·沃森,演员,鲁伯特·格林特,演员,加里·奥德曼,演员,朱丽·沃特斯,演员,邦妮·怀特,演员,大卫·休里斯,演员,迈克尔·刚本,演员,艾伦·瑞克曼,演员,玛吉·史密斯,演员,汤姆·费尔顿,演员,艾玛·汤普森,演员,蒂莫西·斯波,演员
哈利·波特与阿兹卡班的囚徒,哈利·波特与火焰杯,奇幻,类型,冒险,类型,丹尼尔·雷德克里夫,演员,艾玛·沃森,演员,鲁伯特·格林特,演员,加里·奥德曼,演员,邦妮·怀特,演员,迈克尔·刚本,演员,艾伦·瑞克曼,演员,玛吉·史密斯,演员,汤姆·费尔顿,演员,蒂莫西·斯波,演员
哈利·波特与阿兹卡班的囚徒,哈利·波特与魔法石,奇幻,类型,冒险,类型,丹尼尔·雷德克里夫,演员,艾玛·沃森,演员,鲁伯特·格林特,演员,朱丽·沃特斯,演员,邦妮·怀特,演员,艾伦·瑞克曼,演员,玛吉·史密斯,演员,汤姆·费尔顿,演员
哈利·波特与阿兹卡班的囚徒,哈利·波特与密室,奇幻,类型,冒险,类型,丹尼尔·雷德克里夫,演员,艾玛·沃森,演员,鲁伯特·格林特,演员,朱丽·沃特斯,演员,邦妮·怀特,演员,艾伦·瑞克曼,演员,玛吉·史密斯,演员,汤姆·费尔顿,演员
哈利·波特与阿兹卡班的囚徒,龙猫,奇幻,类型,冒险,类型
哈利·波特与阿兹卡班的囚徒,指环王3：王者无敌,奇幻,类型,冒险,类型
哈利·波特与阿兹卡班的囚徒,少年派的奇幻漂流,奇幻,类型,冒险,类型
哈利·波特与阿兹卡班的囚徒,哈尔的移动城堡,奇幻,类型,冒险,类型
哈利·波特与阿兹卡班的囚徒,天空之城,奇幻,类型,冒险,类型
哈利·波特与阿兹卡班的囚徒,指环王2：双塔奇兵,奇幻,类型,冒险,类型
完美的世界,蝙蝠侠：黑暗骑士,剧情,类型,犯罪,类型,基斯·斯扎拉巴基克,演员
完美的世界,肖申克的救赎,剧情,类型,犯罪,类型
完美的世界,这个杀手不太冷,剧情,类型,犯罪,类型
完美的世界,无间道,剧情,类型,犯罪,类型
完美的世界,教父,剧情,类型,犯罪,类型
完美的世界,控方证人,剧情,类型,犯罪,类型
完美的世界,猫鼠游戏,剧情,类型,犯罪,类型
完美的世界,教父2,剧情,类型,犯罪,类型
完美的世界,两杆大烟枪,剧情,类型,犯罪,类型
完美的世界,看不见的客人,剧情,类型,犯罪,类型
爱在日落黄昏时,爱在黎明破晓前,剧情,类型,爱情,类型,理查德·林克莱特,导演,伊桑·霍克,演员,朱莉·德尔佩,演员
爱在日落黄昏时,爱在午夜降临前,剧情,类型,爱情,类型,理查德·林克莱特,导演,伊桑·霍克,演员,朱莉·德尔佩,演员
爱在日落黄昏时,霸王别姬,剧情,类型,爱情,类型
爱在日落黄昏时,阿甘正传,剧情,类型,爱情,类型
爱在日落黄昏时,泰坦尼克号,剧情,类型,爱情,类型
爱在日落黄昏时,美丽人生,剧情,类型,爱情,类型
爱在日落黄昏时,三傻大闹宝莱坞,剧情,类型,爱情,类型
爱在日落黄昏时,怦然心动,剧情,类型,爱情,类型
爱在日落黄昏时,乱世佳人,剧情,类型,爱情,类型
爱在日落黄昏时,罗马假日,剧情,类型,爱情,类型
驯龙高手,疯狂原始人,动画,类型,冒险,类型,克里斯·桑德斯,导演,克里斯·桑德斯,导演
驯龙高手,龙猫,动画,类型,奇幻,类型,冒险,类型
驯龙高手,哈尔的移动城堡,动画,类型,奇幻,类型,冒险,类型
驯龙高手,天空之城,动画,类型,奇幻,类型,冒险,类型
驯龙高手,幽灵公主,动画,类型,奇幻,类型,冒险,类型
驯龙高手,超能陆战队,动画,类型,冒险,类型,T·J·米勒,演员
驯龙高手,借东西的小人阿莉埃蒂,动画,类型,奇幻,类型,冒险,类型
驯龙高手,怪兽电力公司,动画,类型,奇幻,类型,冒险,类型
驯龙高手,神偷奶爸,动画,类型,冒险,类型,克里斯汀·韦格,演员
驯龙高手,玩具总动员3,动画,类型,奇幻,类型,冒险,类型
玛丽和马克思,飞屋环游记,剧情,类型,喜剧,类型,动画,类型
玛丽和马克思,东京教父,剧情,类型,喜剧,类型,动画,类型
玛丽和马克思,美丽人生,剧情,类型,喜剧,类型
玛丽和马克思,千与千寻,剧情,类型,动画,类型
玛丽和马克思,三傻大闹宝莱坞,剧情,类型,喜剧,类型
玛丽和马克思,放牛班的春天,剧情,类型,喜剧,类型
玛丽和马克思,怦然心动,剧情,类型,喜剧,类型
玛丽和马克思,触不可及,剧情,类型,喜剧,类型
玛丽和马克思,鬼子来了,剧情,类型,喜剧,类型
玛丽和马克思,我不是药神,剧情,类型,喜剧,类型
幸福终点站,阿甘正传,剧情,类型,爱情,类型,汤姆·汉克斯,演员
幸福终点站,美丽人生,剧情,类型,喜剧,类型,爱情,类型
幸福终点站,辛德勒的名单,剧情,类型,史蒂文·斯皮尔伯格,导演,马克·伊瓦涅,演员
幸福终点站,三傻大闹宝莱坞,剧情,类型,喜剧,类型,爱情,类型
幸福终点站,怦然心动,剧情,类型,喜剧,类型,爱情,类型
幸福终点站,罗马假日,剧情,类型,喜剧,类型,爱情,类型
幸福终点站,猫鼠游戏,剧情,类型,史蒂文·斯皮尔伯格,导演,汤姆·汉克斯,演员
幸福终点站,拯救大兵瑞恩,剧情,类型,史蒂文·斯皮尔伯格,导演,汤姆·汉克斯,演员
幸福终点站,摩登时代,剧情,类型,喜剧,类型,爱情,类型
幸福终点站,喜剧之王,剧情,类型,喜剧,类型,爱情,类型
告白,盗梦空间,剧情,类型,悬疑,类型
告白,无间道,剧情,类型,悬疑,类型
告白,控方证人,剧情,类型,悬疑,类型
告白,搏击俱乐部,剧情,类型,悬疑,类型
告白,窃听风暴,剧情,类型,悬疑,类型
告白,看不见的客人,剧情,类型,悬疑,类型
告白,致命魔术,剧情,类型,悬疑,类型
告白,禁闭岛,剧情,类型,悬疑,类型
告白,蝴蝶效应,剧情,类型,悬疑,类型
告白,七宗罪,剧情,类型,悬疑,类型
大鱼,盗梦空间,剧情,类型,冒险,类型,玛丽昂·歌迪亚,演员
大鱼,指环王3：王者无敌,剧情,类型,奇幻,类型,冒险,类型
大鱼,少年派的奇幻漂流,剧情,类型,奇幻,类型,冒险,类型
大鱼,指环王2：双塔奇兵,剧情,类型,奇幻,类型,冒险,类型
大鱼,指环王1：魔戒再现,剧情,类型,奇幻,类型,冒险,类型
大鱼,海蒂和爷爷,剧情,类型,家庭,类型,冒险,类型
大鱼,剪刀手爱德华,剧情,类型,奇幻,类型,蒂姆·波顿,导演
大鱼,哈利·波特与死亡圣器(下),奇幻,类型,冒险,类型,海伦娜·伯翰·卡特,演员
大鱼,怪兽电力公司,奇幻,类型,冒险,类型,史蒂夫·布西密,演员
大鱼,千与千寻,剧情,类型,奇幻,类型
阳光姐妹淘,美丽人生,剧情,类型,喜剧,类型
阳光姐妹淘,三傻大闹宝莱坞,剧情,类型,喜剧,类型
阳光姐妹淘,放牛班的春天,剧情,类型,喜剧,类型
阳光姐妹淘,怦然心动,剧情,类型,喜剧,类型
阳光姐妹淘,触不可及,剧情,类型,喜剧,类型
阳光姐妹淘,飞屋环游记,剧情,类型,喜剧,类型
阳光姐妹淘,鬼子来了,剧情,类型,喜剧,类型
阳光姐妹淘,我不是药神,剧情,类型,喜剧,类型
阳光姐妹淘,罗马假日,剧情,类型,喜剧,类型
阳光姐妹淘,绿皮书,剧情,类型,喜剧,类型
射雕英雄传之东成西就,东邪西毒,武侠,类型,古装,类型,梁朝伟,演员,林青霞,演员,张国荣,演员,张学友,演员,张曼玉,演员,梁家辉,演员,刘嘉玲,演员
射雕英雄传之东成西就,大话西游之大圣娶亲,喜剧,类型,奇幻,类型,古装,类型,刘镇伟,导演,刘镇伟,导演
射雕英雄传之东成西就,大话西游之月光宝盒,喜剧,类型,奇幻,类型,古装,类型,刘镇伟,导演,刘镇伟,导演
射雕英雄传之东成西就,倩女幽魂,奇幻,类型,武侠,类型,古装,类型,张国荣,演员,王祖贤,演员
射雕英雄传之东成西就,新龙门客栈,武侠,类型,古装,类型,林青霞,演员,张曼玉,演员,梁家辉,演员
射雕英雄传之东成西就,阿飞正传,梁朝伟,演员,张国荣,演员,张学友,演员,张曼玉,演员,刘嘉玲,演员
射雕英雄传之东成西就,青蛇,奇幻,类型,古装,类型,王祖贤,演员,张曼玉,演员
射雕英雄传之东成西就,寻梦环游记,喜剧,类型,奇幻,类型
射雕英雄传之东成西就,让子弹飞,喜剧,类型,刘嘉玲,演员
射雕英雄传之东成西就,唐伯虎点秋香,喜剧,类型,古装,类型
天书奇谭,大闹天宫,动画,类型,奇幻,类型,毕克,演员,于鼎,演员,尚华,演员,刘广宁,演员,富润生,演员
天书奇谭,哪吒闹海,动画,类型,奇幻,类型,王树忱,导演,毕克,演员,于鼎,演员,尚华,演员,富润生,演员
天书奇谭,千与千寻,动画,类型,奇幻,类型
天书奇谭,龙猫,动画,类型,奇幻,类型
天书奇谭,寻梦环游记,动画,类型,奇幻,类型
天书奇谭,哈尔的移动城堡,动画,类型,奇幻,类型
天书奇谭,天空之城,动画,类型,奇幻,类型
天书奇谭,幽灵公主,动画,类型,奇幻,类型
天书奇谭,借东西的小人阿莉埃蒂,动画,类型,奇幻,类型
天书奇谭,萤火之森,动画,类型,奇幻,类型
恐怖直播,无间道,剧情,类型,悬疑,类型,犯罪,类型
恐怖直播,控方证人,剧情,类型,悬疑,类型,犯罪,类型
恐怖直播,看不见的客人,剧情,类型,悬疑,类型,犯罪,类型
恐怖直播,七宗罪,剧情,类型,悬疑,类型,犯罪,类型
恐怖直播,杀人回忆,剧情,类型,悬疑,类型,犯罪,类型
恐怖直播,消失的爱人,剧情,类型,悬疑,类型,犯罪,类型
恐怖直播,心迷宫,剧情,类型,悬疑,类型,犯罪,类型
恐怖直播,记忆碎片,剧情,类型,悬疑,类型,犯罪,类型
恐怖直播,绿里奇迹,剧情,类型,悬疑,类型,犯罪,类型
恐怖直播,罗生门,剧情,类型,悬疑,类型,犯罪,类型
怪兽电力公司,飞屋环游记,喜剧,类型,动画,类型,冒险,类型,彼特·道格特,演员,彼特·道格特,演员,鲍勃·彼德森,导演,鲍勃·彼德森,导演,约翰·拉岑贝格,演员
怪兽电力公司,头脑特工队,喜剧,类型,动画,类型,冒险,类型,彼特·道格特,演员,约翰·拉岑贝格,演员,弗兰克·奥兹,演员
怪兽电力公司,寻梦环游记,喜剧,类型,动画,类型,奇幻,类型,李·昂克里奇,导演,约翰·拉岑贝格,演员
怪兽电力公司,玩具总动员3,喜剧,类型,动画,类型,奇幻,类型,冒险,类型,李·昂克里奇,导演
怪兽电力公司,疯狂动物城,喜剧,类型,动画,类型,冒险,类型,邦尼·亨特,演员
怪兽电力公司,超能陆战队,喜剧,类型,动画,类型,冒险,类型,丹尼尔·吉尔森,演员
怪兽电力公司,无敌破坏王,喜剧,类型,动画,类型,奇幻,类型,冒险,类型
怪兽电力公司,机器人总动员,动画,类型,冒险,类型,彼特·道格特,演员,约翰·拉岑贝格,演员
怪兽电力公司,神偷奶爸,喜剧,类型,动画,类型,冒险,类型
怪兽电力公司,疯狂原始人,喜剧,类型,动画,类型,冒险,类型
哈利·波特与密室,哈利·波特与魔法石,奇幻,类型,冒险,类型,克里斯·哥伦布,导演,丹尼尔·雷德克里夫,演员,艾玛·沃森,演员,鲁伯特·格林特,演员,汤姆·费尔顿,演员,朱丽·沃特斯,演员,邦妮·怀特,演员,艾伦·瑞克曼,演员,理查德·哈里斯,演员,玛吉·史密斯,演员,约翰·克立斯,演员,肖恩·比格斯代夫,演员
哈利·波特与密室,哈利·波特与死亡圣器(下),奇幻,类型,冒险,类型,丹尼尔·雷德克里夫,演员,艾玛·沃森,演员,鲁伯特·格林特,演员,汤姆·费尔顿,演员,朱丽·沃特斯,演员,邦妮·怀特,演员,詹森·艾萨克,演员,艾伦·瑞克曼,演员,玛吉·史密斯,演员
哈利·波特与密室,哈利·波特与阿兹卡班的囚徒,奇幻,类型,冒险,类型,丹尼尔·雷德克里夫,演员,艾玛·沃森,演员,鲁伯特·格林特,演员,汤姆·费尔顿,演员,朱丽·沃特斯,演员,邦妮·怀特,演员,艾伦·瑞克曼,演员,玛吉·史密斯,演员
哈利·波特与密室,哈利·波特与火焰杯,奇幻,类型,冒险,类型,丹尼尔·雷德克里夫,演员,艾玛·沃森,演员,鲁伯特·格林特,演员,汤姆·费尔顿,演员,邦妮·怀特,演员,詹森·艾萨克,演员,艾伦·瑞克曼,演员,玛吉·史密斯,演员
哈利·波特与密室,龙猫,奇幻,类型,冒险,类型
哈利·波特与密室,指环王3：王者无敌,奇幻,类型,冒险,类型
哈利·波特与密室,少年派的奇幻漂流,奇幻,类型,冒险,类型
哈利·波特与密室,哈尔的移动城堡,奇幻,类型,冒险,类型
哈利·波特与密室,天空之城,奇幻,类型,冒险,类型
哈利·波特与密室,指环王2：双塔奇兵,奇幻,类型,冒险,类型
神偷奶爸,无敌破坏王,喜剧,类型,动画,类型,冒险,类型,杰克·麦克布瑞尔,演员,敏迪·卡灵,演员
神偷奶爸,头脑特工队,喜剧,类型,动画,类型,冒险,类型,敏迪·卡灵,演员
神偷奶爸,疯狂动物城,喜剧,类型,动画,类型,冒险,类型
神偷奶爸,飞屋环游记,喜剧,类型,动画,类型,冒险,类型
神偷奶爸,超能陆战队,喜剧,类型,动画,类型,冒险,类型
神偷奶爸,怪兽电力公司,喜剧,类型,动画,类型,冒险,类型
神偷奶爸,玩具总动员3,喜剧,类型,动画,类型,冒险,类型
神偷奶爸,疯狂原始人,喜剧,类型,动画,类型,冒险,类型
神偷奶爸,冰川时代,喜剧,类型,动画,类型,冒险,类型
神偷奶爸,驯龙高手,动画,类型,冒险,类型,克里斯汀·韦格,演员
玩具总动员3,怪兽电力公司,喜剧,类型,动画,类型,奇幻,类型,冒险,类型,李·昂克里奇,导演
玩具总动员3,寻梦环游记,喜剧,类型,动画,类型,奇幻,类型,李·昂克里奇,导演
玩具总动员3,无敌破坏王,喜剧,类型,动画,类型,奇幻,类型,冒险,类型
玩具总动员3,疯狂动物城,喜剧,类型,动画,类型,冒险,类型
玩具总动员3,飞屋环游记,喜剧,类型,动画,类型,冒险,类型
玩具总动员3,超能陆战队,喜剧,类型,动画,类型,冒险,类型
玩具总动员3,神偷奶爸,喜剧,类型,动画,类型,冒险,类型
玩具总动员3,疯狂原始人,喜剧,类型,动画,类型,冒险,类型
玩具总动员3,头脑特工队,喜剧,类型,动画,类型,冒险,类型
玩具总动员3,冰川时代,喜剧,类型,动画,类型,冒险,类型
时空恋旅人,真爱至上,喜剧,类型,爱情,类型,理查德·柯蒂斯,导演,比尔·奈伊,演员
时空恋旅人,大话西游之大圣娶亲,喜剧,类型,爱情,类型,奇幻,类型
时空恋旅人,大话西游之月光宝盒,喜剧,类型,爱情,类型,奇幻,类型
时空恋旅人,美丽人生,喜剧,类型,爱情,类型
时空恋旅人,三傻大闹宝莱坞,喜剧,类型,爱情,类型
时空恋旅人,怦然心动,喜剧,类型,爱情,类型
时空恋旅人,寻梦环游记,喜剧,类型,奇幻,类型
时空恋旅人,罗马假日,喜剧,类型,爱情,类型
时空恋旅人,摩登时代,喜剧,类型,爱情,类型
时空恋旅人,喜剧之王,喜剧,类型,爱情,类型
傲慢与偏见,真爱至上,剧情,类型,爱情,类型,凯拉·奈特莉,演员
傲慢与偏见,霸王别姬,剧情,类型,爱情,类型
傲慢与偏见,阿甘正传,剧情,类型,爱情,类型
傲慢与偏见,泰坦尼克号,剧情,类型,爱情,类型
傲慢与偏见,美丽人生,剧情,类型,爱情,类型
傲慢与偏见,盗梦空间,剧情,类型,妲露拉·莱莉,演员
傲慢与偏见,三傻大闹宝莱坞,剧情,类型,爱情,类型
傲慢与偏见,怦然心动,剧情,类型,爱情,类型
傲慢与偏见,乱世佳人,剧情,类型,爱情,类型
傲慢与偏见,罗马假日,剧情,类型,爱情,类型
教父3,教父2,剧情,类型,犯罪,类型,弗朗西斯·福特·科波拉,导演,阿尔·帕西诺,演员,黛安·基顿,演员,塔莉娅·夏尔,演员,索菲亚·科波拉,演员,理查德·布赖特,演员
教父3,教父,剧情,类型,犯罪,类型,弗朗西斯·福特·科波拉,导演,阿尔·帕西诺,演员,黛安·基顿,演员,塔莉娅·夏尔,演员
教父3,美国往事,剧情,类型,犯罪,类型,理查德·布赖特,演员
教父3,肖申克的救赎,剧情,类型,犯罪,类型
教父3,这个杀手不太冷,剧情,类型,犯罪,类型
教父3,无间道,剧情,类型,犯罪,类型
教父3,控方证人,剧情,类型,犯罪,类型
教父3,蝙蝠侠：黑暗骑士,剧情,类型,犯罪,类型
教父3,闻香识女人,剧情,类型,阿尔·帕西诺,演员
教父3,猫鼠游戏,剧情,类型,犯罪,类型
釜山行,蝙蝠侠：黑暗骑士,动作,类型,惊悚,类型
釜山行,搏击俱乐部,动作,类型,惊悚,类型
釜山行,杀人回忆,动作,类型,惊悚,类型
釜山行,蝙蝠侠：黑暗骑士崛起,动作,类型,惊悚,类型
釜山行,谍影重重3,动作,类型,惊悚,类型
釜山行,谍影重重2,动作,类型,惊悚,类型
釜山行,谍影重重,动作,类型,惊悚,类型
釜山行,无间道2,动作,类型,惊悚,类型
釜山行,熔炉,孔刘,演员,郑有美,演员
釜山行,这个杀手不太冷,动作,类型
血战钢锯岭,勇敢的心,剧情,类型,传记,类型,历史,类型,战争,类型,梅尔·吉布森,导演,梅尔·吉布森,导演
血战钢锯岭,卢旺达饭店,剧情,类型,传记,类型,历史,类型,战争,类型
血战钢锯岭,辛德勒的名单,剧情,类型,历史,类型,战争,类型
血战钢锯岭,末代皇帝,剧情,类型,传记,类型,历史,类型
血战钢锯岭,乱世佳人,剧情,类型,历史,类型,战争,类型
血战钢锯岭,钢琴家,剧情,类型,传记,类型,战争,类型
血战钢锯岭,模仿游戏,剧情,类型,传记,类型,战争,类型
血战钢锯岭,美丽人生,剧情,类型,战争,类型
血战钢锯岭,当幸福来敲门,剧情,类型,传记,类型
血战钢锯岭,活着,剧情,类型,历史,类型
哪吒闹海,大闹天宫,动画,类型,奇幻,类型,邱岳峰,演员,毕克,演员,富润生,演员,尚华,演员,于鼎,演员
哪吒闹海,天书奇谭,动画,类型,奇幻,类型,王树忱,导演,毕克,演员,富润生,演员,尚华,演员,于鼎,演员
哪吒闹海,龙猫,动画,类型,奇幻,类型,冒险,类型
哪吒闹海,哈尔的移动城堡,动画,类型,奇幻,类型,冒险,类型
哪吒闹海,天空之城,动画,类型,奇幻,类型,冒险,类型
哪吒闹海,幽灵公主,动画,类型,奇幻,类型,冒险,类型
哪吒闹海,借东西的小人阿莉埃蒂,动画,类型,奇幻,类型,冒险,类型
哪吒闹海,驯龙高手,动画,类型,奇幻,类型,冒险,类型
哪吒闹海,怪兽电力公司,动画,类型,奇幻,类型,冒险,类型
哪吒闹海,玩具总动员3,动画,类型,奇幻,类型,冒险,类型
一个叫欧维的男人决定去死,肖申克的救赎,剧情,类型
一个叫欧维的男人决定去死,霸王别姬,剧情,类型
一个叫欧维的男人决定去死,阿甘正传,剧情,类型
一个叫欧维的男人决定去死,这个杀手不太冷,剧情,类型
一个叫欧维的男人决定去死,泰坦尼克号,剧情,类型
一个叫欧维的男人决定去死,美丽人生,剧情,类型
一个叫欧维的男人决定去死,千与千寻,剧情,类型
一个叫欧维的男人决定去死,辛德勒的名单,剧情,类型
一个叫欧维的男人决定去死,盗梦空间,剧情,类型
一个叫欧维的男人决定去死,忠犬八公的故事,剧情,类型
被解救的姜戈,盗梦空间,剧情,类型,冒险,类型,莱昂纳多·迪卡普里奥,演员
被解救的姜戈,指环王3：王者无敌,剧情,类型,动作,类型,冒险,类型
被解救的姜戈,指环王2：双塔奇兵,剧情,类型,动作,类型,冒险,类型
被解救的姜戈,指环王1：魔戒再现,剧情,类型,动作,类型,冒险,类型
被解救的姜戈,让子弹飞,剧情,类型,动作,类型,西部,类型
被解救的姜戈,低俗小说,剧情,类型,昆汀·塔伦蒂诺,导演,塞缪尔·杰克逊,演员
被解救的姜戈,七武士,剧情,类型,动作,类型,冒险,类型
被解救的姜戈,无耻混蛋,剧情,类型,昆汀·塔伦蒂诺,导演,克里斯托弗·瓦尔兹,演员
被解救的姜戈,血钻,剧情,类型,冒险,类型,莱昂纳多·迪卡普里奥,演员
被解救的姜戈,这个杀手不太冷,剧情,类型,动作,类型
七武士,罗生门,剧情,类型,黑泽明,导演,三船敏郎,演员,志村乔,演员,加东大介,演员,千秋实,演员,上田吉二郎,演员,本间文子,演员
七武士,指环王3：王者无敌,剧情,类型,动作,类型,冒险,类型
七武士,指环王2：双塔奇兵,剧情,类型,动作,类型,冒险,类型
七武士,指环王1：魔戒再现,剧情,类型,动作,类型,冒险,类型
七武士,被解救的姜戈,剧情,类型,动作,类型,冒险,类型
七武士,这个杀手不太冷,剧情,类型,动作,类型
七武士,盗梦空间,剧情,类型,冒险,类型
七武士,星际穿越,剧情,类型,冒险,类型
七武士,蝙蝠侠：黑暗骑士,剧情,类型,动作,类型
七武士,飞屋环游记,剧情,类型,冒险,类型
喜宴,饮食男女,剧情,类型,家庭,类型,李安,导演,赵文瑄,演员,郎雄,演员,归亚蕾,演员
喜宴,断背山,剧情,类型,爱情,类型,同性,类型,家庭,类型,李安,导演
喜宴,霸王别姬,剧情,类型,爱情,类型,同性,类型
喜宴,美丽人生,剧情,类型,喜剧,类型,爱情,类型
喜宴,三傻大闹宝莱坞,剧情,类型,喜剧,类型,爱情,类型
喜宴,怦然心动,剧情,类型,喜剧,类型,爱情,类型
喜宴,罗马假日,剧情,类型,喜剧,类型,爱情,类型
喜宴,春光乍泄,剧情,类型,爱情,类型,同性,类型
喜宴,摩登时代,剧情,类型,喜剧,类型,爱情,类型
喜宴,喜剧之王,剧情,类型,喜剧,类型,爱情,类型
电锯惊魂,惊魂记,悬疑,类型,惊悚,类型,恐怖,类型
电锯惊魂,搏击俱乐部,悬疑,类型,惊悚,类型
电锯惊魂,看不见的客人,悬疑,类型,惊悚,类型
电锯惊魂,致命魔术,悬疑,类型,惊悚,类型
电锯惊魂,禁闭岛,悬疑,类型,惊悚,类型
电锯惊魂,蝴蝶效应,悬疑,类型,惊悚,类型
电锯惊魂,七宗罪,悬疑,类型,惊悚,类型
电锯惊魂,致命ID,悬疑,类型,惊悚,类型
电锯惊魂,杀人回忆,悬疑,类型,惊悚,类型
电锯惊魂,红辣椒,悬疑,类型,惊悚,类型
我是山姆,当幸福来敲门,剧情,类型,家庭,类型
我是山姆,活着,剧情,类型,家庭,类型
我是山姆,摔跤吧！爸爸,剧情,类型,家庭,类型
我是山姆,饮食男女,剧情,类型,家庭,类型
我是山姆,海蒂和爷爷,剧情,类型,家庭,类型
我是山姆,小鞋子,剧情,类型,家庭,类型
我是山姆,剪刀手爱德华,剧情,类型,黛安·韦斯特,演员
我是山姆,断背山,剧情,类型,家庭,类型
我是山姆,7号房的礼物,剧情,类型,家庭,类型
我是山姆,一一,剧情,类型,家庭,类型
头号玩家,超能陆战队,动作,类型,科幻,类型,冒险,类型,T·J·米勒,演员
头号玩家,阿凡达,动作,类型,科幻,类型,冒险,类型
头号玩家,蝙蝠侠：黑暗骑士崛起,动作,类型,科幻,类型,本·门德尔森,演员
头号玩家,疯狂的麦克斯4：狂暴之路,动作,类型,科幻,类型,冒险,类型
头号玩家,蝙蝠侠：黑暗骑士,动作,类型,科幻,类型
头号玩家,指环王3：王者无敌,动作,类型,冒险,类型
头号玩家,指环王2：双塔奇兵,动作,类型,冒险,类型
头号玩家,黑客帝国,动作,类型,科幻,类型
头号玩家,指环王1：魔戒再现,动作,类型,冒险,类型
头号玩家,加勒比海盗,动作,类型,冒险,类型
风之谷,龙猫,动画,类型,奇幻,类型,冒险,类型,宫崎骏,导演,岛本须美,演员,坂本千夏,演员,鳕子,演员
风之谷,天空之城,动画,类型,奇幻,类型,冒险,类型,宫崎骏,导演,永井一郎,演员,鳕子,演员
风之谷,幽灵公主,动画,类型,奇幻,类型,冒险,类型,宫崎骏,导演,岛本须美,演员,松田洋治,演员
风之谷,魔女宅急便,动画,类型,奇幻,类型,冒险,类型,宫崎骏,导演,坂本千夏,演员
风之谷,哈尔的移动城堡,动画,类型,奇幻,类型,冒险,类型,宫崎骏,导演
风之谷,崖上的波妞,动画,类型,奇幻,类型,冒险,类型,宫崎骏,导演
风之谷,千与千寻,动画,类型,奇幻,类型,宫崎骏,导演
风之谷,借东西的小人阿莉埃蒂,动画,类型,奇幻,类型,冒险,类型
风之谷,驯龙高手,动画,类型,奇幻,类型,冒险,类型
风之谷,怪兽电力公司,动画,类型,奇幻,类型,冒险,类型
英雄本色,纵横四海,剧情,类型,动作,类型,犯罪,类型,吴宇森,导演,周润发,演员,张国荣,演员,吴宇森,导演,曾江,演员
英雄本色,这个杀手不太冷,剧情,类型,动作,类型,犯罪,类型
英雄本色,蝙蝠侠：黑暗骑士,剧情,类型,动作,类型,犯罪,类型
英雄本色,让子弹飞,剧情,类型,动作,类型,周润发,演员
英雄本色,杀人回忆,剧情,类型,动作,类型,犯罪,类型
英雄本色,蝙蝠侠：黑暗骑士崛起,剧情,类型,动作,类型,犯罪,类型
英雄本色,东邪西毒,剧情,类型,动作,类型,张国荣,演员
英雄本色,青蛇,剧情,类型,田丰,演员,徐克,演员
英雄本色,阿飞正传,剧情,类型,犯罪,类型,张国荣,演员
英雄本色,无间道2,剧情,类型,动作,类型,犯罪,类型
上帝之城,肖申克的救赎,剧情,类型,犯罪,类型
上帝之城,这个杀手不太冷,剧情,类型,犯罪,类型
上帝之城,无间道,剧情,类型,犯罪,类型
上帝之城,教父,剧情,类型,犯罪,类型
上帝之城,控方证人,剧情,类型,犯罪,类型
上帝之城,蝙蝠侠：黑暗骑士,剧情,类型,犯罪,类型
上帝之城,猫鼠游戏,剧情,类型,犯罪,类型
上帝之城,教父2,剧情,类型,犯罪,类型
上帝之城,两杆大烟枪,剧情,类型,犯罪,类型
上帝之城,看不见的客人,剧情,类型,犯罪,类型
未麻的部屋,红辣椒,动画,类型,惊悚,类型,今敏,导演,今敏,导演
未麻的部屋,萤火之森,动画,类型,奇幻,类型,辻亲八,演员
未麻的部屋,魔女宅急便,动画,类型,奇幻,类型,辻亲八,演员
未麻的部屋,千与千寻,动画,类型,奇幻,类型
未麻的部屋,龙猫,动画,类型,奇幻,类型
未麻的部屋,寻梦环游记,动画,类型,奇幻,类型
未麻的部屋,哈尔的移动城堡,动画,类型,奇幻,类型
未麻的部屋,天空之城,动画,类型,奇幻,类型
未麻的部屋,大闹天宫,动画,类型,奇幻,类型
未麻的部屋,幽灵公主,动画,类型,奇幻,类型
疯狂原始人,驯龙高手,动画,类型,冒险,类型,克里斯·桑德斯,导演,克里斯·桑德斯,导演
疯狂原始人,疯狂动物城,喜剧,类型,动画,类型,冒险,类型
疯狂原始人,飞屋环游记,喜剧,类型,动画,类型,冒险,类型
疯狂原始人,超能陆战队,喜剧,类型,动画,类型,冒险,类型
疯狂原始人,怪兽电力公司,喜剧,类型,动画,类型,冒险,类型
疯狂原始人,神偷奶爸,喜剧,类型,动画,类型,冒险,类型
疯狂原始人,玩具总动员3,喜剧,类型,动画,类型,冒险,类型
疯狂原始人,头脑特工队,喜剧,类型,动画,类型,冒险,类型
疯狂原始人,无敌破坏王,喜剧,类型,动画,类型,冒险,类型
疯狂原始人,冰川时代,喜剧,类型,动画,类型,冒险,类型
谍影重重3,谍影重重2,动作,类型,悬疑,类型,惊悚,类型,保罗·格林格拉斯,导演,马特·达蒙,演员,朱丽娅·斯蒂尔斯,演员,琼·艾伦,演员
谍影重重3,谍影重重,动作,类型,悬疑,类型,惊悚,类型,马特·达蒙,演员,朱丽娅·斯蒂尔斯,演员
谍影重重3,搏击俱乐部,动作,类型,悬疑,类型,惊悚,类型
谍影重重3,杀人回忆,动作,类型,悬疑,类型,惊悚,类型
谍影重重3,蝙蝠侠：黑暗骑士,动作,类型,惊悚,类型
谍影重重3,蝙蝠侠：黑暗骑士崛起,动作,类型,惊悚,类型
谍影重重3,釜山行,动作,类型,惊悚,类型
谍影重重3,无间道2,动作,类型,惊悚,类型
谍影重重3,看不见的客人,悬疑,类型,惊悚,类型
谍影重重3,致命魔术,悬疑,类型,惊悚,类型
卢旺达饭店,勇敢的心,剧情,类型,传记,类型,历史,类型,战争,类型
卢旺达饭店,血战钢锯岭,剧情,类型,传记,类型,历史,类型,战争,类型
卢旺达饭店,辛德勒的名单,剧情,类型,历史,类型,战争,类型
卢旺达饭店,末代皇帝,剧情,类型,传记,类型,历史,类型
卢旺达饭店,乱世佳人,剧情,类型,历史,类型,战争,类型
卢旺达饭店,钢琴家,剧情,类型,传记,类型,战争,类型
卢旺达饭店,模仿游戏,剧情,类型,传记,类型,战争,类型
卢旺达饭店,美丽人生,剧情,类型,战争,类型
卢旺达饭店,当幸福来敲门,剧情,类型,传记,类型
卢旺达饭店,活着,剧情,类型,历史,类型
纵横四海,英雄本色,剧情,类型,动作,类型,犯罪,类型,吴宇森,导演,吴宇森,导演,周润发,演员,张国荣,演员,曾江,演员
纵横四海,让子弹飞,剧情,类型,喜剧,类型,动作,类型,周润发,演员
纵横四海,这个杀手不太冷,剧情,类型,动作,类型,犯罪,类型
纵横四海,蝙蝠侠：黑暗骑士,剧情,类型,动作,类型,犯罪,类型
纵横四海,两杆大烟枪,剧情,类型,喜剧,类型,犯罪,类型
纵横四海,低俗小说,剧情,类型,喜剧,类型,犯罪,类型
纵横四海,杀人回忆,剧情,类型,动作,类型,犯罪,类型
纵横四海,蝙蝠侠：黑暗骑士崛起,剧情,类型,动作,类型,犯罪,类型
纵横四海,荒蛮故事,剧情,类型,喜剧,类型,犯罪,类型
纵横四海,东邪西毒,剧情,类型,动作,类型,张国荣,演员
三块广告牌,绿里奇迹,剧情,类型,犯罪,类型,山姆·洛克威尔,演员
三块广告牌,肖申克的救赎,剧情,类型,犯罪,类型
三块广告牌,这个杀手不太冷,剧情,类型,犯罪,类型
三块广告牌,无间道,剧情,类型,犯罪,类型
三块广告牌,教父,剧情,类型,犯罪,类型
三块广告牌,控方证人,剧情,类型,犯罪,类型
三块广告牌,蝙蝠侠：黑暗骑士,剧情,类型,犯罪,类型
三块广告牌,猫鼠游戏,剧情,类型,犯罪,类型
三块广告牌,教父2,剧情,类型,犯罪,类型
三块广告牌,两杆大烟枪,剧情,类型,犯罪,类型
花样年华,阿飞正传,剧情,类型,爱情,类型,王家卫,导演,梁朝伟,演员,张曼玉,演员,潘迪华,演员
花样年华,东邪西毒,剧情,类型,爱情,类型,王家卫,导演,梁朝伟,演员,张曼玉,演员
花样年华,春光乍泄,剧情,类型,爱情,类型,王家卫,导演,梁朝伟,演员
花样年华,重庆森林,剧情,类型,爱情,类型,王家卫,导演,梁朝伟,演员
花样年华,甜蜜蜜,剧情,类型,爱情,类型,张曼玉,演员
花样年华,色，戒,剧情,类型,爱情,类型,梁朝伟,演员
花样年华,青蛇,剧情,类型,爱情,类型,张曼玉,演员
花样年华,霸王别姬,剧情,类型,爱情,类型
花样年华,阿甘正传,剧情,类型,爱情,类型
花样年华,泰坦尼克号,剧情,类型,爱情,类型
岁月神偷,当幸福来敲门,剧情,类型,家庭,类型
岁月神偷,活着,剧情,类型,家庭,类型
岁月神偷,摔跤吧！爸爸,剧情,类型,家庭,类型
岁月神偷,饮食男女,剧情,类型,家庭,类型
岁月神偷,海蒂和爷爷,剧情,类型,家庭,类型
岁月神偷,小鞋子,剧情,类型,家庭,类型
岁月神偷,断背山,剧情,类型,家庭,类型
岁月神偷,7号房的礼物,剧情,类型,家庭,类型
岁月神偷,一一,剧情,类型,家庭,类型
岁月神偷,甜蜜蜜,剧情,类型,张同祖,演员
达拉斯买家俱乐部,猫鼠游戏,剧情,类型,传记,类型,詹妮弗·加纳,演员
达拉斯买家俱乐部,模仿游戏,剧情,类型,同性,类型,传记,类型
达拉斯买家俱乐部,波西米亚狂想曲,剧情,类型,同性,类型,传记,类型
达拉斯买家俱乐部,霸王别姬,剧情,类型,同性,类型
达拉斯买家俱乐部,星际穿越,剧情,类型,马修·麦康纳,演员
达拉斯买家俱乐部,当幸福来敲门,剧情,类型,传记,类型
达拉斯买家俱乐部,末代皇帝,剧情,类型,传记,类型
达拉斯买家俱乐部,摔跤吧！爸爸,剧情,类型,传记,类型
达拉斯买家俱乐部,钢琴家,剧情,类型,传记,类型
达拉斯买家俱乐部,搏击俱乐部,剧情,类型,杰瑞德·莱托,演员
模仿游戏,波西米亚狂想曲,剧情,类型,同性,类型,传记,类型,艾伦·里奇,演员
模仿游戏,钢琴家,剧情,类型,传记,类型,战争,类型
模仿游戏,勇敢的心,剧情,类型,传记,类型,战争,类型
模仿游戏,血战钢锯岭,剧情,类型,传记,类型,战争,类型
模仿游戏,卢旺达饭店,剧情,类型,传记,类型,战争,类型
模仿游戏,达拉斯买家俱乐部,剧情,类型,同性,类型,传记,类型
模仿游戏,霸王别姬,剧情,类型,同性,类型
模仿游戏,美丽人生,剧情,类型,战争,类型
模仿游戏,辛德勒的名单,剧情,类型,战争,类型
模仿游戏,当幸福来敲门,剧情,类型,传记,类型
黑客帝国3：矩阵革命,黑客帝国2：重装上阵,动作,类型,科幻,类型,莉莉·沃卓斯基,导演,拉娜·沃卓斯基,导演,基努·里维斯,演员,劳伦斯·菲什伯恩,演员,凯瑞-安·莫斯,演员,雨果·维文,演员,贾达·萍克·史密斯,演员,莫妮卡·贝鲁奇,演员,埃茜·戴维斯,演员,克里斯托弗·卡比,演员,罗伯特·马莫内,演员,罗宾·奈文,演员,吉娜薇·欧瑞丽,演员,诺娜·加耶,演员,纳撒尼尔·利斯,演员,哈里·伦尼克斯,演员,哈罗德·佩里诺,演员,鲁伯特·雷德,演员,大卫·罗伯茨,演员,吉娜·托瑞斯,演员,克莱顿·华生,演员,赫尔穆特·巴凯蒂斯,演员,邹兆龙,演员,康奈尔·韦斯特,演员,伯纳德·怀特,演员,朗贝尔·维尔森,演员,安东尼·布兰登·黄,演员,安东尼·泽比,演员
黑客帝国3：矩阵革命,黑客帝国,动作,类型,科幻,类型,莉莉·沃卓斯基,导演,拉娜·沃卓斯基,导演,基努·里维斯,演员,劳伦斯·菲什伯恩,演员,凯瑞-安·莫斯,演员,雨果·维文,演员
黑客帝国3：矩阵革命,指环王3：王者无敌,动作,类型,雨果·维文,演员,布鲁斯·斯宾斯,演员
黑客帝国3：矩阵革命,指环王2：双塔奇兵,动作,类型,雨果·维文,演员,纳撒尼尔·利斯,演员
黑客帝国3：矩阵革命,蝙蝠侠：黑暗骑士,动作,类型,科幻,类型
黑客帝国3：矩阵革命,指环王1：魔戒再现,动作,类型,雨果·维文,演员
黑客帝国3：矩阵革命,阿凡达,动作,类型,科幻,类型
黑客帝国3：矩阵革命,蝙蝠侠：黑暗骑士崛起,动作,类型,科幻,类型
黑客帝国3：矩阵革命,超能陆战队,动作,类型,科幻,类型
黑客帝国3：矩阵革命,头号玩家,动作,类型,科幻,类型
新世界,肖申克的救赎,剧情,类型,犯罪,类型
新世界,这个杀手不太冷,剧情,类型,犯罪,类型
新世界,无间道,剧情,类型,犯罪,类型
新世界,教父,剧情,类型,犯罪,类型
新世界,控方证人,剧情,类型,犯罪,类型
新世界,蝙蝠侠：黑暗骑士,剧情,类型,犯罪,类型
新世界,猫鼠游戏,剧情,类型,犯罪,类型
新世界,教父2,剧情,类型,犯罪,类型
新世界,两杆大烟枪,剧情,类型,犯罪,类型
新世界,看不见的客人,剧情,类型,犯罪,类型
心迷宫,无间道,剧情,类型,悬疑,类型,犯罪,类型
心迷宫,控方证人,剧情,类型,悬疑,类型,犯罪,类型
心迷宫,看不见的客人,剧情,类型,悬疑,类型,犯罪,类型
心迷宫,七宗罪,剧情,类型,悬疑,类型,犯罪,类型
心迷宫,杀人回忆,剧情,类型,悬疑,类型,犯罪,类型
心迷宫,消失的爱人,剧情,类型,悬疑,类型,犯罪,类型
心迷宫,恐怖直播,剧情,类型,悬疑,类型,犯罪,类型
心迷宫,记忆碎片,剧情,类型,悬疑,类型,犯罪,类型
心迷宫,绿里奇迹,剧情,类型,悬疑,类型,犯罪,类型
心迷宫,罗生门,剧情,类型,悬疑,类型,犯罪,类型
头脑特工队,机器人总动员,动画,类型,冒险,类型,彼特·道格特,演员,约翰·拉岑贝格,演员,罗里·艾伦,演员,约翰·齐甘,演员,雪莉·琳恩,演员,拉瑞恩·纽曼,演员
头脑特工队,飞屋环游记,喜剧,类型,动画,类型,冒险,类型,彼特·道格特,演员,彼特·道格特,演员,乔什·库雷,演员,约翰·拉岑贝格,演员
头脑特工队,怪兽电力公司,喜剧,类型,动画,类型,冒险,类型,彼特·道格特,演员,弗兰克·奥兹,演员,约翰·拉岑贝格,演员
头脑特工队,神偷奶爸,喜剧,类型,动画,类型,冒险,类型,敏迪·卡灵,演员
头脑特工队,无敌破坏王,喜剧,类型,动画,类型,冒险,类型,敏迪·卡灵,演员
头脑特工队,疯狂动物城,喜剧,类型,动画,类型,冒险,类型
头脑特工队,寻梦环游记,喜剧,类型,动画,类型,约翰·拉岑贝格,演员
头脑特工队,超能陆战队,喜剧,类型,动画,类型,冒险,类型
头脑特工队,玩具总动员3,喜剧,类型,动画,类型,冒险,类型
头脑特工队,疯狂原始人,喜剧,类型,动画,类型,冒险,类型
记忆碎片,盗梦空间,剧情,类型,悬疑,类型,克里斯托弗·诺兰,导演,拉什·费加,演员
记忆碎片,蝙蝠侠：黑暗骑士,剧情,类型,惊悚,类型,犯罪,类型,克里斯托弗·诺兰,导演
记忆碎片,看不见的客人,剧情,类型,悬疑,类型,惊悚,类型,犯罪,类型
记忆碎片,致命魔术,剧情,类型,悬疑,类型,惊悚,类型,克里斯托弗·诺兰,导演
记忆碎片,蝴蝶效应,剧情,类型,悬疑,类型,惊悚,类型,考乐姆·吉斯·雷尼,演员
记忆碎片,七宗罪,剧情,类型,悬疑,类型,惊悚,类型,犯罪,类型
记忆碎片,杀人回忆,剧情,类型,悬疑,类型,惊悚,类型,犯罪,类型
记忆碎片,蝙蝠侠：黑暗骑士崛起,剧情,类型,惊悚,类型,犯罪,类型,克里斯托弗·诺兰,导演
记忆碎片,消失的爱人,剧情,类型,悬疑,类型,惊悚,类型,犯罪,类型
记忆碎片,网络谜踪,剧情,类型,悬疑,类型,惊悚,类型,犯罪,类型
忠犬八公物语,七武士,剧情,类型,仲代达矢,演员
忠犬八公物语,肖申克的救赎,剧情,类型
忠犬八公物语,霸王别姬,剧情,类型
忠犬八公物语,阿甘正传,剧情,类型
忠犬八公物语,这个杀手不太冷,剧情,类型
忠犬八公物语,泰坦尼克号,剧情,类型
忠犬八公物语,美丽人生,剧情,类型
忠犬八公物语,千与千寻,剧情,类型
忠犬八公物语,辛德勒的名单,剧情,类型
忠犬八公物语,盗梦空间,剧情,类型
你的名字。,千与千寻,剧情,类型,动画,类型,神木隆之介,演员
你的名字。,侧耳倾听,剧情,类型,爱情,类型,动画,类型
你的名字。,萤火之森,剧情,类型,爱情,类型,动画,类型
你的名字。,穿越时空的少女,剧情,类型,爱情,类型,动画,类型
你的名字。,霸王别姬,剧情,类型,爱情,类型
你的名字。,阿甘正传,剧情,类型,爱情,类型
你的名字。,泰坦尼克号,剧情,类型,爱情,类型
你的名字。,美丽人生,剧情,类型,爱情,类型
你的名字。,三傻大闹宝莱坞,剧情,类型,爱情,类型
你的名字。,怦然心动,剧情,类型,爱情,类型
荒蛮故事,两杆大烟枪,剧情,类型,喜剧,类型,犯罪,类型
荒蛮故事,低俗小说,剧情,类型,喜剧,类型,犯罪,类型
荒蛮故事,纵横四海,剧情,类型,喜剧,类型,犯罪,类型
荒蛮故事,肖申克的救赎,剧情,类型,犯罪,类型
荒蛮故事,这个杀手不太冷,剧情,类型,犯罪,类型
荒蛮故事,美丽人生,剧情,类型,喜剧,类型
荒蛮故事,三傻大闹宝莱坞,剧情,类型,喜剧,类型
荒蛮故事,放牛班的春天,剧情,类型,喜剧,类型
荒蛮故事,无间道,剧情,类型,犯罪,类型
荒蛮故事,教父,剧情,类型,犯罪,类型
真爱至上,时空恋旅人,喜剧,类型,爱情,类型,理查德·柯蒂斯,导演,比尔·奈伊,演员
真爱至上,美丽人生,剧情,类型,喜剧,类型,爱情,类型
真爱至上,三傻大闹宝莱坞,剧情,类型,喜剧,类型,爱情,类型
真爱至上,怦然心动,剧情,类型,喜剧,类型,爱情,类型
真爱至上,罗马假日,剧情,类型,喜剧,类型,爱情,类型
真爱至上,摩登时代,剧情,类型,喜剧,类型,爱情,类型
真爱至上,喜剧之王,剧情,类型,喜剧,类型,爱情,类型
真爱至上,天使爱美丽,剧情,类型,喜剧,类型,爱情,类型
真爱至上,幸福终点站,剧情,类型,喜剧,类型,爱情,类型
真爱至上,傲慢与偏见,剧情,类型,爱情,类型,凯拉·奈特莉,演员
爆裂鼓手,海上钢琴师,剧情,类型,音乐,类型
爆裂鼓手,放牛班的春天,剧情,类型,音乐,类型
爆裂鼓手,钢琴家,剧情,类型,音乐,类型
爆裂鼓手,人工智能,剧情,类型,艾普尔·格雷斯,演员
爆裂鼓手,波西米亚狂想曲,剧情,类型,音乐,类型
爆裂鼓手,肖申克的救赎,剧情,类型
爆裂鼓手,霸王别姬,剧情,类型
爆裂鼓手,阿甘正传,剧情,类型
爆裂鼓手,这个杀手不太冷,剧情,类型
爆裂鼓手,泰坦尼克号,剧情,类型
贫民窟的百万富翁,霸王别姬,剧情,类型,爱情,类型
贫民窟的百万富翁,阿甘正传,剧情,类型,爱情,类型
贫民窟的百万富翁,泰坦尼克号,剧情,类型,爱情,类型
贫民窟的百万富翁,美丽人生,剧情,类型,爱情,类型
贫民窟的百万富翁,三傻大闹宝莱坞,剧情,类型,爱情,类型
贫民窟的百万富翁,怦然心动,剧情,类型,爱情,类型
贫民窟的百万富翁,乱世佳人,剧情,类型,爱情,类型
贫民窟的百万富翁,少年派的奇幻漂流,剧情,类型,伊尔凡·可汗,演员
贫民窟的百万富翁,罗马假日,剧情,类型,爱情,类型
贫民窟的百万富翁,天堂电影院,剧情,类型,爱情,类型
海街日记,小偷家族,剧情,类型,家庭,类型,是枝裕和,导演,中川雅也,演员,树木希林,演员
海街日记,步履不停,剧情,类型,家庭,类型,是枝裕和,导演,树木希林,演员
海街日记,无人知晓,剧情,类型,是枝裕和,导演,加濑亮,演员
海街日记,当幸福来敲门,剧情,类型,家庭,类型
海街日记,活着,剧情,类型,家庭,类型
海街日记,摔跤吧！爸爸,剧情,类型,家庭,类型
海街日记,饮食男女,剧情,类型,家庭,类型
海街日记,海蒂和爷爷,剧情,类型,家庭,类型
海街日记,小鞋子,剧情,类型,家庭,类型
海街日记,断背山,剧情,类型,家庭,类型
东邪西毒,射雕英雄传之东成西就,武侠,类型,古装,类型,张国荣,演员,林青霞,演员,梁朝伟,演员,张学友,演员,张曼玉,演员,刘嘉玲,演员,梁家辉,演员
东邪西毒,阿飞正传,剧情,类型,爱情,类型,王家卫,导演,张国荣,演员,梁朝伟,演员,张学友,演员,张曼玉,演员,刘嘉玲,演员
东邪西毒,新龙门客栈,动作,类型,爱情,类型,武侠,类型,古装,类型,林青霞,演员,张曼玉,演员,梁家辉,演员
东邪西毒,春光乍泄,剧情,类型,爱情,类型,王家卫,导演,张国荣,演员,梁朝伟,演员
东邪西毒,重庆森林,剧情,类型,爱情,类型,王家卫,导演,林青霞,演员,梁朝伟,演员
东邪西毒,花样年华,剧情,类型,爱情,类型,王家卫,导演,梁朝伟,演员,张曼玉,演员
东邪西毒,青蛇,剧情,类型,爱情,类型,古装,类型,张曼玉,演员
东邪西毒,倩女幽魂,爱情,类型,武侠,类型,古装,类型,张国荣,演员
东邪西毒,霸王别姬,剧情,类型,爱情,类型,张国荣,演员
东邪西毒,让子弹飞,剧情,类型,动作,类型,刘嘉玲,演员
萤火虫之墓,美丽人生,剧情,类型,战争,类型
萤火虫之墓,千与千寻,剧情,类型,动画,类型
萤火虫之墓,辛德勒的名单,剧情,类型,战争,类型
萤火虫之墓,乱世佳人,剧情,类型,战争,类型
萤火虫之墓,飞屋环游记,剧情,类型,动画,类型
萤火虫之墓,钢琴家,剧情,类型,战争,类型
萤火虫之墓,西西里的美丽传说,剧情,类型,战争,类型
萤火虫之墓,穿条纹睡衣的男孩,剧情,类型,战争,类型
萤火虫之墓,拯救大兵瑞恩,剧情,类型,战争,类型
萤火虫之墓,勇敢的心,剧情,类型,战争,类型
惊魂记,电锯惊魂,悬疑,类型,惊悚,类型,恐怖,类型
惊魂记,搏击俱乐部,悬疑,类型,惊悚,类型
惊魂记,看不见的客人,悬疑,类型,惊悚,类型
惊魂记,致命魔术,悬疑,类型,惊悚,类型
惊魂记,禁闭岛,悬疑,类型,惊悚,类型
惊魂记,蝴蝶效应,悬疑,类型,惊悚,类型
惊魂记,七宗罪,悬疑,类型,惊悚,类型
惊魂记,致命ID,悬疑,类型,惊悚,类型
惊魂记,杀人回忆,悬疑,类型,惊悚,类型
惊魂记,红辣椒,悬疑,类型,惊悚,类型
黑天鹅,这个杀手不太冷,剧情,类型,娜塔莉·波特曼,演员
黑天鹅,蝙蝠侠：黑暗骑士,剧情,类型,惊悚,类型
黑天鹅,搏击俱乐部,剧情,类型,惊悚,类型
黑天鹅,看不见的客人,剧情,类型,惊悚,类型
黑天鹅,致命魔术,剧情,类型,惊悚,类型
黑天鹅,沉默的羔羊,剧情,类型,惊悚,类型
黑天鹅,禁闭岛,剧情,类型,惊悚,类型
黑天鹅,蝴蝶效应,剧情,类型,惊悚,类型
黑天鹅,七宗罪,剧情,类型,惊悚,类型
黑天鹅,致命ID,剧情,类型,惊悚,类型
寄生虫,辩护人,剧情,类型,宋康昊,演员,李姃垠,演员
寄生虫,杀人回忆,剧情,类型,奉俊昊,导演,宋康昊,演员
寄生虫,美丽人生,剧情,类型,喜剧,类型
寄生虫,三傻大闹宝莱坞,剧情,类型,喜剧,类型
寄生虫,放牛班的春天,剧情,类型,喜剧,类型
寄生虫,怦然心动,剧情,类型,喜剧,类型
寄生虫,触不可及,剧情,类型,喜剧,类型
寄生虫,飞屋环游记,剧情,类型,喜剧,类型
寄生虫,鬼子来了,剧情,类型,喜剧,类型
寄生虫,我不是药神,剧情,类型,喜剧,类型
无敌破坏王,疯狂动物城,喜剧,类型,动画,类型,冒险,类型,瑞奇·摩尔,导演,瑞奇·摩尔,导演,艾伦·图代克,演员,雷蒙德·S·佩尔西,演员,莫里斯·拉马奇,演员,约翰·迪·马吉欧,演员,瑞奇·摩尔,导演,瑞奇·摩尔,导演,凯蒂·洛斯,演员,乔西·特立尼达,演员,菲尔·约翰斯顿,演员
无敌破坏王,超能陆战队,喜剧,类型,动画,类型,冒险,类型,艾伦·图代克,演员,凯蒂·洛斯,演员
无敌破坏王,神偷奶爸,喜剧,类型,动画,类型,冒险,类型,杰克·麦克布瑞尔,演员,敏迪·卡灵,演员
无敌破坏王,飞屋环游记,喜剧,类型,动画,类型,冒险,类型,杰斯·哈梅尔,演员
无敌破坏王,怪兽电力公司,喜剧,类型,动画,类型,奇幻,类型,冒险,类型
无敌破坏王,玩具总动员3,喜剧,类型,动画,类型,奇幻,类型,冒险,类型
无敌破坏王,头脑特工队,喜剧,类型,动画,类型,冒险,类型,敏迪·卡灵,演员
无敌破坏王,寻梦环游记,喜剧,类型,动画,类型,奇幻,类型
无敌破坏王,疯狂原始人,喜剧,类型,动画,类型,冒险,类型
无敌破坏王,冰川时代,喜剧,类型,动画,类型,冒险,类型
你看起来好像很好吃,千与千寻,剧情,类型,动画,类型
你看起来好像很好吃,飞屋环游记,剧情,类型,动画,类型
你看起来好像很好吃,小鞋子,剧情,类型,儿童,类型
你看起来好像很好吃,侧耳倾听,剧情,类型,动画,类型
你看起来好像很好吃,萤火之森,剧情,类型,动画,类型
你看起来好像很好吃,玛丽和马克思,剧情,类型,动画,类型
你看起来好像很好吃,你的名字。,剧情,类型,动画,类型
你看起来好像很好吃,萤火虫之墓,剧情,类型,动画,类型
你看起来好像很好吃,奇迹男孩,剧情,类型,儿童,类型
你看起来好像很好吃,穿越时空的少女,剧情,类型,动画,类型
冰川时代,疯狂动物城,喜剧,类型,动画,类型,冒险,类型
冰川时代,飞屋环游记,喜剧,类型,动画,类型,冒险,类型
冰川时代,超能陆战队,喜剧,类型,动画,类型,冒险,类型
冰川时代,怪兽电力公司,喜剧,类型,动画,类型,冒险,类型
冰川时代,神偷奶爸,喜剧,类型,动画,类型,冒险,类型
冰川时代,玩具总动员3,喜剧,类型,动画,类型,冒险,类型
冰川时代,疯狂原始人,喜剧,类型,动画,类型,冒险,类型
冰川时代,头脑特工队,喜剧,类型,动画,类型,冒险,类型
冰川时代,无敌破坏王,喜剧,类型,动画,类型,冒险,类型
冰川时代,寻梦环游记,喜剧,类型,动画,类型
小偷家族,海街日记,剧情,类型,家庭,类型,是枝裕和,导演,中川雅也,演员,树木希林,演员
小偷家族,步履不停,剧情,类型,家庭,类型,是枝裕和,导演,树木希林,演员
小偷家族,肖申克的救赎,剧情,类型,犯罪,类型
小偷家族,这个杀手不太冷,剧情,类型,犯罪,类型
小偷家族,无间道,剧情,类型,犯罪,类型
小偷家族,教父,剧情,类型,犯罪,类型
小偷家族,当幸福来敲门,剧情,类型,家庭,类型
小偷家族,控方证人,剧情,类型,犯罪,类型
小偷家族,蝙蝠侠：黑暗骑士,剧情,类型,犯罪,类型
小偷家族,活着,剧情,类型,家庭,类型
哈利·波特与火焰杯,哈利·波特与死亡圣器(下),奇幻,类型,冒险,类型,丹尼尔·雷德克里夫,演员,艾玛·沃森,演员,鲁伯特·格林特,演员,迈克尔·刚本,演员,玛吉·史密斯,演员,汤姆·费尔顿,演员,蒂莫西·斯波,演员,梁佩诗,演员,邦妮·怀特,演员,克蕾曼丝·波西,演员,加里·奥德曼,演员,詹森·艾萨克,演员,马修·刘易斯,演员,罗彼·考特拉尼,演员,大卫·布拉德利,演员,艾伦·瑞克曼,演员,拉尔夫·费因斯,演员
哈利·波特与火焰杯,哈利·波特与阿兹卡班的囚徒,奇幻,类型,冒险,类型,丹尼尔·雷德克里夫,演员,艾玛·沃森,演员,鲁伯特·格林特,演员,迈克尔·刚本,演员,玛吉·史密斯,演员,汤姆·费尔顿,演员,蒂莫西·斯波,演员,邦妮·怀特,演员,加里·奥德曼,演员,艾伦·瑞克曼,演员
哈利·波特与火焰杯,哈利·波特与魔法石,奇幻,类型,冒险,类型,丹尼尔·雷德克里夫,演员,艾玛·沃森,演员,鲁伯特·格林特,演员,玛吉·史密斯,演员,汤姆·费尔顿,演员,邦妮·怀特,演员,罗彼·考特拉尼,演员,艾伦·瑞克曼,演员
哈利·波特与火焰杯,哈利·波特与密室,奇幻,类型,冒险,类型,丹尼尔·雷德克里夫,演员,艾玛·沃森,演员,鲁伯特·格林特,演员,玛吉·史密斯,演员,汤姆·费尔顿,演员,邦妮·怀特,演员,詹森·艾萨克,演员,艾伦·瑞克曼,演员
哈利·波特与火焰杯,驯龙高手,奇幻,类型,冒险,类型,大卫·田纳特,演员
哈利·波特与火焰杯,盗梦空间,悬疑,类型,冒险,类型
哈利·波特与火焰杯,绿里奇迹,悬疑,类型,奇幻,类型
哈利·波特与火焰杯,龙猫,奇幻,类型,冒险,类型
哈利·波特与火焰杯,指环王3：王者无敌,奇幻,类型,冒险,类型
哈利·波特与火焰杯,少年派的奇幻漂流,奇幻,类型,冒险,类型
绿里奇迹,肖申克的救赎,剧情,类型,犯罪,类型,弗兰克·德拉邦特,导演,杰弗里·德曼,演员
绿里奇迹,无间道,剧情,类型,悬疑,类型,犯罪,类型
绿里奇迹,控方证人,剧情,类型,悬疑,类型,犯罪,类型
绿里奇迹,猫鼠游戏,剧情,类型,犯罪,类型,汤姆·汉克斯,演员
绿里奇迹,教父2,剧情,类型,犯罪,类型,哈利·戴恩·斯坦通,演员
绿里奇迹,看不见的客人,剧情,类型,悬疑,类型,犯罪,类型
绿里奇迹,拯救大兵瑞恩,剧情,类型,汤姆·汉克斯,演员,巴里·佩珀,演员
绿里奇迹,禁闭岛,剧情,类型,悬疑,类型,派翠西娅·克拉克森,演员
绿里奇迹,七宗罪,剧情,类型,悬疑,类型,犯罪,类型
绿里奇迹,杀人回忆,剧情,类型,悬疑,类型,犯罪,类型
雨人,绿里奇迹,剧情,类型,邦尼·亨特,演员
雨人,香水,剧情,类型,达斯汀·霍夫曼,演员
雨人,肖申克的救赎,剧情,类型
雨人,霸王别姬,剧情,类型
雨人,阿甘正传,剧情,类型
雨人,这个杀手不太冷,剧情,类型
雨人,泰坦尼克号,剧情,类型
雨人,美丽人生,剧情,类型
雨人,千与千寻,剧情,类型
雨人,辛德勒的名单,剧情,类型
爱在午夜降临前,爱在黎明破晓前,剧情,类型,爱情,类型,理查德·林克莱特,导演,伊桑·霍克,演员,朱莉·德尔佩,演员,约翰·斯洛斯,演员
爱在午夜降临前,爱在日落黄昏时,剧情,类型,爱情,类型,理查德·林克莱特,导演,伊桑·霍克,演员,朱莉·德尔佩,演员
爱在午夜降临前,霸王别姬,剧情,类型,爱情,类型
爱在午夜降临前,阿甘正传,剧情,类型,爱情,类型
爱在午夜降临前,泰坦尼克号,剧情,类型,爱情,类型
爱在午夜降临前,美丽人生,剧情,类型,爱情,类型
爱在午夜降临前,三傻大闹宝莱坞,剧情,类型,爱情,类型
爱在午夜降临前,怦然心动,剧情,类型,爱情,类型
爱在午夜降临前,乱世佳人,剧情,类型,爱情,类型
爱在午夜降临前,罗马假日,剧情,类型,爱情,类型
恋恋笔记本,霸王别姬,剧情,类型,爱情,类型
恋恋笔记本,阿甘正传,剧情,类型,爱情,类型
恋恋笔记本,泰坦尼克号,剧情,类型,爱情,类型
恋恋笔记本,美丽人生,剧情,类型,爱情,类型
恋恋笔记本,忠犬八公的故事,剧情,类型,琼·艾伦,演员
恋恋笔记本,三傻大闹宝莱坞,剧情,类型,爱情,类型
恋恋笔记本,怦然心动,剧情,类型,爱情,类型
恋恋笔记本,乱世佳人,剧情,类型,爱情,类型
恋恋笔记本,罗马假日,剧情,类型,爱情,类型
恋恋笔记本,天堂电影院,剧情,类型,爱情,类型
疯狂的石头,我不是药神,喜剧,类型,宁浩,演员,徐峥,演员
疯狂的石头,两杆大烟枪,喜剧,类型,犯罪,类型
疯狂的石头,低俗小说,喜剧,类型,犯罪,类型
疯狂的石头,功夫,喜剧,类型,犯罪,类型
疯狂的石头,纵横四海,喜剧,类型,犯罪,类型
疯狂的石头,荒蛮故事,喜剧,类型,犯罪,类型
疯狂的石头,美丽人生,喜剧,类型
疯狂的石头,三傻大闹宝莱坞,喜剧,类型
疯狂的石头,放牛班的春天,喜剧,类型
疯狂的石头,大话西游之大圣娶亲,喜剧,类型
九品芝麻官,唐伯虎点秋香,喜剧,类型,古装,类型,周星驰,演员,梁荣忠,演员,苑琼丹,演员,黄一山,演员
九品芝麻官,喜剧之王,剧情,类型,喜剧,类型,周星驰,演员,周星驰,演员,吴孟达,演员
九品芝麻官,大话西游之大圣娶亲,喜剧,类型,古装,类型,周星驰,演员,吴孟达,演员,蔡少芬,演员
九品芝麻官,大话西游之月光宝盒,喜剧,类型,古装,类型,周星驰,演员,吴孟达,演员
九品芝麻官,新龙门客栈,古装,类型,徐锦江,演员,吴启华,演员,刘洵,演员
九品芝麻官,东邪西毒,剧情,类型,古装,类型,邹兆龙,演员
九品芝麻官,青蛇,剧情,类型,古装,类型,刘洵,演员
九品芝麻官,功夫,喜剧,类型,周星驰,演员,周星驰,演员
九品芝麻官,美丽人生,剧情,类型,喜剧,类型
九品芝麻官,三傻大闹宝莱坞,剧情,类型,喜剧,类型
恐怖游轮,搏击俱乐部,剧情,类型,悬疑,类型,惊悚,类型
恐怖游轮,看不见的客人,剧情,类型,悬疑,类型,惊悚,类型
恐怖游轮,致命魔术,剧情,类型,悬疑,类型,惊悚,类型
恐怖游轮,禁闭岛,剧情,类型,悬疑,类型,惊悚,类型
恐怖游轮,蝴蝶效应,剧情,类型,悬疑,类型,惊悚,类型
恐怖游轮,七宗罪,剧情,类型,悬疑,类型,惊悚,类型
恐怖游轮,致命ID,剧情,类型,悬疑,类型,惊悚,类型
恐怖游轮,杀人回忆,剧情,类型,悬疑,类型,惊悚,类型
恐怖游轮,第六感,剧情,类型,悬疑,类型,惊悚,类型
恐怖游轮,消失的爱人,剧情,类型,悬疑,类型,惊悚,类型
奇迹男孩,小鞋子,剧情,类型,家庭,类型,儿童,类型
奇迹男孩,房间,剧情,类型,家庭,类型,雅各布·特伦布莱,演员
奇迹男孩,地球上的星星,剧情,类型,家庭,类型,儿童,类型
奇迹男孩,星际穿越,剧情,类型,利亚姆·迪金森,演员
奇迹男孩,当幸福来敲门,剧情,类型,家庭,类型
奇迹男孩,活着,剧情,类型,家庭,类型
奇迹男孩,摔跤吧！爸爸,剧情,类型,家庭,类型
奇迹男孩,饮食男女,剧情,类型,家庭,类型
奇迹男孩,海蒂和爷爷,剧情,类型,家庭,类型
奇迹男孩,布达佩斯大饭店,剧情,类型,欧文·威尔逊,演员
雨中曲,三傻大闹宝莱坞,喜剧,类型,爱情,类型,歌舞,类型
雨中曲,音乐之声,爱情,类型,歌舞,类型,山姆·哈里斯,演员
雨中曲,美丽人生,喜剧,类型,爱情,类型
雨中曲,大话西游之大圣娶亲,喜剧,类型,爱情,类型
雨中曲,怦然心动,喜剧,类型,爱情,类型
雨中曲,大话西游之月光宝盒,喜剧,类型,爱情,类型
雨中曲,罗马假日,喜剧,类型,爱情,类型
雨中曲,摩登时代,喜剧,类型,爱情,类型
雨中曲,喜剧之王,喜剧,类型,爱情,类型
雨中曲,天使爱美丽,喜剧,类型,爱情,类型
魔女宅急便,龙猫,动画,类型,奇幻,类型,冒险,类型,宫崎骏,导演,坂本千夏,演员,丸山裕子,演员
魔女宅急便,哈尔的移动城堡,动画,类型,奇幻,类型,冒险,类型,宫崎骏,导演,加藤治子,演员,大塚明夫,演员
魔女宅急便,风之谷,动画,类型,奇幻,类型,冒险,类型,宫崎骏,导演,坂本千夏,演员
魔女宅急便,天空之城,动画,类型,奇幻,类型,冒险,类型,宫崎骏,导演
魔女宅急便,幽灵公主,动画,类型,奇幻,类型,冒险,类型,宫崎骏,导演
魔女宅急便,崖上的波妞,动画,类型,奇幻,类型,冒险,类型,宫崎骏,导演
魔女宅急便,千与千寻,动画,类型,奇幻,类型,宫崎骏,导演
魔女宅急便,红辣椒,动画,类型,山寺宏一,演员,大塚明夫,演员
魔女宅急便,借东西的小人阿莉埃蒂,动画,类型,奇幻,类型,冒险,类型
魔女宅急便,萤火之森,动画,类型,奇幻,类型,辻亲八,演员
海边的曼彻斯特,断背山,剧情,类型,家庭,类型,米歇尔·威廉姆斯,演员
海边的曼彻斯特,星际穿越,剧情,类型,卡西·阿弗莱克,演员
海边的曼彻斯特,当幸福来敲门,剧情,类型,家庭,类型
海边的曼彻斯特,活着,剧情,类型,家庭,类型
海边的曼彻斯特,摔跤吧！爸爸,剧情,类型,家庭,类型
海边的曼彻斯特,饮食男女,剧情,类型,家庭,类型
海边的曼彻斯特,海蒂和爷爷,剧情,类型,家庭,类型
海边的曼彻斯特,小鞋子,剧情,类型,家庭,类型
海边的曼彻斯特,禁闭岛,剧情,类型,米歇尔·威廉姆斯,演员
海边的曼彻斯特,心灵捕手,剧情,类型,卡西·阿弗莱克,演员
虎口脱险,美丽人生,喜剧,类型,战争,类型
虎口脱险,三傻大闹宝莱坞,喜剧,类型
虎口脱险,放牛班的春天,喜剧,类型
虎口脱险,大话西游之大圣娶亲,喜剧,类型
虎口脱险,疯狂动物城,喜剧,类型
虎口脱险,怦然心动,喜剧,类型
虎口脱险,触不可及,喜剧,类型
虎口脱险,寻梦环游记,喜剧,类型
虎口脱险,飞屋环游记,喜剧,类型
虎口脱险,鬼子来了,喜剧,类型
人工智能,千钧一发,剧情,类型,科幻,类型,裘德·洛,演员
人工智能,阿甘正传,剧情,类型,海利·乔·奥斯蒙,演员
人工智能,辛德勒的名单,剧情,类型,史蒂文·斯皮尔伯格,导演
人工智能,盗梦空间,剧情,类型,科幻,类型
人工智能,星际穿越,剧情,类型,科幻,类型
人工智能,楚门的世界,剧情,类型,科幻,类型
人工智能,蝙蝠侠：黑暗骑士,剧情,类型,科幻,类型
人工智能,猫鼠游戏,剧情,类型,史蒂文·斯皮尔伯格,导演
人工智能,拯救大兵瑞恩,剧情,类型,史蒂文·斯皮尔伯格,导演
人工智能,蝴蝶效应,剧情,类型,科幻,类型
房间,奇迹男孩,剧情,类型,家庭,类型,雅各布·特伦布莱,演员
房间,忠犬八公的故事,剧情,类型,琼·艾伦,演员
房间,当幸福来敲门,剧情,类型,家庭,类型
房间,活着,剧情,类型,家庭,类型
房间,摔跤吧！爸爸,剧情,类型,家庭,类型
房间,饮食男女,剧情,类型,家庭,类型
房间,海蒂和爷爷,剧情,类型,家庭,类型
房间,小鞋子,剧情,类型,家庭,类型
房间,断背山,剧情,类型,家庭,类型
房间,7号房的礼物,剧情,类型,家庭,类型
2001太空漫游,盗梦空间,科幻,类型,冒险,类型
2001太空漫游,星际穿越,科幻,类型,冒险,类型
2001太空漫游,机器人总动员,科幻,类型,冒险,类型
2001太空漫游,蝙蝠侠：黑暗骑士,科幻,类型,惊悚,类型
2001太空漫游,阿凡达,科幻,类型,冒险,类型
2001太空漫游,蝴蝶效应,科幻,类型,惊悚,类型
2001太空漫游,红辣椒,科幻,类型,惊悚,类型
2001太空漫游,蝙蝠侠：黑暗骑士崛起,科幻,类型,惊悚,类型
2001太空漫游,超能陆战队,科幻,类型,冒险,类型
2001太空漫游,头号玩家,科幻,类型,冒险,类型
色，戒,末代皇帝,剧情,类型,陈冲,演员,卢燕,演员
色，戒,春光乍泄,剧情,类型,爱情,类型,梁朝伟,演员
色，戒,断背山,剧情,类型,爱情,类型,李安,导演
色，戒,重庆森林,剧情,类型,爱情,类型,梁朝伟,演员
色，戒,一一,剧情,类型,爱情,类型,柯宇纶,演员
色，戒,喜宴,剧情,类型,爱情,类型,李安,导演
色，戒,花样年华,剧情,类型,爱情,类型,梁朝伟,演员
色，戒,东邪西毒,剧情,类型,爱情,类型,梁朝伟,演员
色，戒,阿飞正传,剧情,类型,爱情,类型,梁朝伟,演员
色，戒,霸王别姬,剧情,类型,爱情,类型
城市之光,摩登时代,剧情,类型,喜剧,类型,爱情,类型,查理·卓别林,导演,查理·卓别林,导演,查理·卓别林,导演,查理·卓别林,导演,亨利·伯格曼,演员
城市之光,美丽人生,剧情,类型,喜剧,类型,爱情,类型
城市之光,三傻大闹宝莱坞,剧情,类型,喜剧,类型,爱情,类型
城市之光,怦然心动,剧情,类型,喜剧,类型,爱情,类型
城市之光,罗马假日,剧情,类型,喜剧,类型,爱情,类型
城市之光,喜剧之王,剧情,类型,喜剧,类型,爱情,类型
城市之光,天使爱美丽,剧情,类型,喜剧,类型,爱情,类型
城市之光,幸福终点站,剧情,类型,喜剧,类型,爱情,类型
城市之光,喜宴,剧情,类型,喜剧,类型,爱情,类型
城市之光,真爱至上,剧情,类型,喜剧,类型,爱情,类型
可可西里,肖申克的救赎,剧情,类型,犯罪,类型
可可西里,这个杀手不太冷,剧情,类型,犯罪,类型
可可西里,无间道,剧情,类型,犯罪,类型
可可西里,教父,剧情,类型,犯罪,类型
可可西里,控方证人,剧情,类型,犯罪,类型
可可西里,蝙蝠侠：黑暗骑士,剧情,类型,犯罪,类型
可可西里,猫鼠游戏,剧情,类型,犯罪,类型
可可西里,教父2,剧情,类型,犯罪,类型
可可西里,两杆大烟枪,剧情,类型,犯罪,类型
可可西里,看不见的客人,剧情,类型,犯罪,类型
罗生门,七武士,剧情,类型,黑泽明,导演,三船敏郎,演员,志村乔,演员,千秋实,演员,上田吉二郎,演员,本间文子,演员,加东大介,演员
罗生门,无间道,剧情,类型,悬疑,类型,犯罪,类型
罗生门,控方证人,剧情,类型,悬疑,类型,犯罪,类型
罗生门,看不见的客人,剧情,类型,悬疑,类型,犯罪,类型
罗生门,七宗罪,剧情,类型,悬疑,类型,犯罪,类型
罗生门,杀人回忆,剧情,类型,悬疑,类型,犯罪,类型
罗生门,消失的爱人,剧情,类型,悬疑,类型,犯罪,类型
罗生门,恐怖直播,剧情,类型,悬疑,类型,犯罪,类型
罗生门,心迷宫,剧情,类型,悬疑,类型,犯罪,类型
罗生门,记忆碎片,剧情,类型,悬疑,类型,犯罪,类型
终结者2：审判日,阿凡达,动作,类型,科幻,类型,詹姆斯·卡梅隆,导演
终结者2：审判日,千钧一发,科幻,类型,山德·贝克利,演员,迪恩·诺里斯,演员
终结者2：审判日,蝙蝠侠：黑暗骑士,动作,类型,科幻,类型
终结者2：审判日,黑客帝国,动作,类型,科幻,类型
终结者2：审判日,蝙蝠侠：黑暗骑士崛起,动作,类型,科幻,类型
终结者2：审判日,超能陆战队,动作,类型,科幻,类型
终结者2：审判日,头号玩家,动作,类型,科幻,类型
终结者2：审判日,黑客帝国3：矩阵革命,动作,类型,科幻,类型
终结者2：审判日,疯狂的麦克斯4：狂暴之路,动作,类型,科幻,类型
终结者2：审判日,黑客帝国2：重装上阵,动作,类型,科幻,类型
初恋这件小事,美丽人生,剧情,类型,喜剧,类型,爱情,类型
初恋这件小事,三傻大闹宝莱坞,剧情,类型,喜剧,类型,爱情,类型
初恋这件小事,怦然心动,剧情,类型,喜剧,类型,爱情,类型
初恋这件小事,罗马假日,剧情,类型,喜剧,类型,爱情,类型
初恋这件小事,摩登时代,剧情,类型,喜剧,类型,爱情,类型
初恋这件小事,喜剧之王,剧情,类型,喜剧,类型,爱情,类型
初恋这件小事,天使爱美丽,剧情,类型,喜剧,类型,爱情,类型
初恋这件小事,幸福终点站,剧情,类型,喜剧,类型,爱情,类型
初恋这件小事,喜宴,剧情,类型,喜剧,类型,爱情,类型
初恋这件小事,真爱至上,剧情,类型,喜剧,类型,爱情,类型
波西米亚狂想曲,模仿游戏,剧情,类型,同性,类型,传记,类型,艾伦·里奇,演员
波西米亚狂想曲,钢琴家,剧情,类型,音乐,类型,传记,类型
波西米亚狂想曲,达拉斯买家俱乐部,剧情,类型,同性,类型,传记,类型
波西米亚狂想曲,霸王别姬,剧情,类型,同性,类型
波西米亚狂想曲,海上钢琴师,剧情,类型,音乐,类型
波西米亚狂想曲,放牛班的春天,剧情,类型,音乐,类型
波西米亚狂想曲,当幸福来敲门,剧情,类型,传记,类型
波西米亚狂想曲,末代皇帝,剧情,类型,传记,类型
波西米亚狂想曲,摔跤吧！爸爸,剧情,类型,传记,类型
波西米亚狂想曲,猫鼠游戏,剧情,类型,传记,类型
大佛普拉斯,美丽人生,剧情,类型,喜剧,类型
大佛普拉斯,三傻大闹宝莱坞,剧情,类型,喜剧,类型
大佛普拉斯,放牛班的春天,剧情,类型,喜剧,类型
大佛普拉斯,怦然心动,剧情,类型,喜剧,类型
大佛普拉斯,触不可及,剧情,类型,喜剧,类型
大佛普拉斯,飞屋环游记,剧情,类型,喜剧,类型
大佛普拉斯,鬼子来了,剧情,类型,喜剧,类型
大佛普拉斯,我不是药神,剧情,类型,喜剧,类型
大佛普拉斯,罗马假日,剧情,类型,喜剧,类型
大佛普拉斯,绿皮书,剧情,类型,喜剧,类型
魂断蓝桥,乱世佳人,剧情,类型,爱情,类型,战争,类型,费雯·丽,演员
魂断蓝桥,美丽人生,剧情,类型,爱情,类型,战争,类型
魂断蓝桥,音乐之声,剧情,类型,爱情,类型,诺玛·威登,演员
魂断蓝桥,摩登时代,剧情,类型,爱情,类型,威尔弗雷德·卢卡斯,演员
魂断蓝桥,燃情岁月,剧情,类型,爱情,类型,战争,类型
魂断蓝桥,霸王别姬,剧情,类型,爱情,类型
魂断蓝桥,阿甘正传,剧情,类型,爱情,类型
魂断蓝桥,泰坦尼克号,剧情,类型,爱情,类型
魂断蓝桥,辛德勒的名单,剧情,类型,战争,类型
魂断蓝桥,三傻大闹宝莱坞,剧情,类型,爱情,类型
遗愿清单,肖申克的救赎,剧情,类型,摩根·弗里曼,演员,阿方索·弗里曼,演员
遗愿清单,怦然心动,剧情,类型,喜剧,类型,罗伯·莱纳,导演
遗愿清单,飞屋环游记,剧情,类型,喜剧,类型,冒险,类型
遗愿清单,布达佩斯大饭店,剧情,类型,喜剧,类型,冒险,类型
遗愿清单,美丽人生,剧情,类型,喜剧,类型
遗愿清单,盗梦空间,剧情,类型,冒险,类型
遗愿清单,星际穿越,剧情,类型,冒险,类型
遗愿清单,三傻大闹宝莱坞,剧情,类型,喜剧,类型
遗愿清单,放牛班的春天,剧情,类型,喜剧,类型
遗愿清单,触不可及,剧情,类型,喜剧,类型
牯岭街少年杀人事件,一一,剧情,类型,杨德昌,导演,金燕玲,演员,柯宇纶,演员
牯岭街少年杀人事件,肖申克的救赎,剧情,类型,犯罪,类型
牯岭街少年杀人事件,这个杀手不太冷,剧情,类型,犯罪,类型
牯岭街少年杀人事件,无间道,剧情,类型,犯罪,类型
牯岭街少年杀人事件,教父,剧情,类型,犯罪,类型
牯岭街少年杀人事件,控方证人,剧情,类型,犯罪,类型
牯岭街少年杀人事件,蝙蝠侠：黑暗骑士,剧情,类型,犯罪,类型
牯岭街少年杀人事件,猫鼠游戏,剧情,类型,犯罪,类型
牯岭街少年杀人事件,教父2,剧情,类型,犯罪,类型
牯岭街少年杀人事件,两杆大烟枪,剧情,类型,犯罪,类型
源代码,蝴蝶效应,科幻,类型,悬疑,类型,惊悚,类型
源代码,红辣椒,科幻,类型,悬疑,类型,惊悚,类型
源代码,彗星来的那一夜,科幻,类型,悬疑,类型,惊悚,类型
源代码,谍影重重2,悬疑,类型,惊悚,类型,米歇尔·莫纳汉,演员
源代码,盗梦空间,科幻,类型,悬疑,类型
源代码,蝙蝠侠：黑暗骑士,科幻,类型,惊悚,类型
源代码,蝙蝠侠：黑暗骑士崛起,科幻,类型,惊悚,类型
源代码,2001太空漫游,科幻,类型,惊悚,类型
源代码,千钧一发,科幻,类型,惊悚,类型
源代码,搏击俱乐部,悬疑,类型,惊悚,类型
新龙门客栈,东邪西毒,动作,类型,爱情,类型,武侠,类型,古装,类型,张曼玉,演员,林青霞,演员,梁家辉,演员
新龙门客栈,射雕英雄传之东成西就,武侠,类型,古装,类型,张曼玉,演员,林青霞,演员,梁家辉,演员
新龙门客栈,青蛇,爱情,类型,古装,类型,张曼玉,演员,刘洵,演员
新龙门客栈,九品芝麻官,古装,类型,刘洵,演员,吴启华,演员,徐锦江,演员
新龙门客栈,倩女幽魂,爱情,类型,武侠,类型,古装,类型
新龙门客栈,功夫,动作,类型,袁祥仁,演员
新龙门客栈,大话西游之大圣娶亲,爱情,类型,古装,类型
新龙门客栈,大话西游之月光宝盒,爱情,类型,古装,类型
新龙门客栈,重庆森林,爱情,类型,林青霞,演员
新龙门客栈,唐伯虎点秋香,爱情,类型,古装,类型
青蛇,东邪西毒,剧情,类型,爱情,类型,古装,类型,张曼玉,演员
青蛇,倩女幽魂,爱情,类型,奇幻,类型,古装,类型,王祖贤,演员
青蛇,新龙门客栈,爱情,类型,古装,类型,张曼玉,演员,刘洵,演员
青蛇,射雕英雄传之东成西就,奇幻,类型,古装,类型,张曼玉,演员,王祖贤,演员
青蛇,本杰明·巴顿奇事,剧情,类型,爱情,类型,奇幻,类型
青蛇,剪刀手爱德华,剧情,类型,爱情,类型,奇幻,类型
青蛇,甜蜜蜜,剧情,类型,爱情,类型,张曼玉,演员
青蛇,萤火之森,剧情,类型,爱情,类型,奇幻,类型
青蛇,英雄本色,剧情,类型,徐克,演员,田丰,演员
青蛇,花样年华,剧情,类型,爱情,类型,张曼玉,演员
无耻混蛋,低俗小说,剧情,类型,犯罪,类型,昆汀·塔伦蒂诺,导演
无耻混蛋,七宗罪,剧情,类型,犯罪,类型,布拉德·皮特,演员
无耻混蛋,被解救的姜戈,剧情,类型,昆汀·塔伦蒂诺,导演,克里斯托弗·瓦尔兹,演员
无耻混蛋,肖申克的救赎,剧情,类型,犯罪,类型
无耻混蛋,这个杀手不太冷,剧情,类型,犯罪,类型
无耻混蛋,无间道,剧情,类型,犯罪,类型
无耻混蛋,教父,剧情,类型,犯罪,类型
无耻混蛋,控方证人,剧情,类型,犯罪,类型
无耻混蛋,蝙蝠侠：黑暗骑士,剧情,类型,犯罪,类型
无耻混蛋,猫鼠游戏,剧情,类型,犯罪,类型
疯狂的麦克斯4：狂暴之路,阿凡达,动作,类型,科幻,类型,冒险,类型
疯狂的麦克斯4：狂暴之路,蝙蝠侠：黑暗骑士崛起,动作,类型,科幻,类型,汤姆·哈迪,演员
疯狂的麦克斯4：狂暴之路,超能陆战队,动作,类型,科幻,类型,冒险,类型
疯狂的麦克斯4：狂暴之路,头号玩家,动作,类型,科幻,类型,冒险,类型
疯狂的麦克斯4：狂暴之路,盗梦空间,科幻,类型,冒险,类型,汤姆·哈迪,演员
疯狂的麦克斯4：狂暴之路,蝙蝠侠：黑暗骑士,动作,类型,科幻,类型
疯狂的麦克斯4：狂暴之路,指环王3：王者无敌,动作,类型,冒险,类型
疯狂的麦克斯4：狂暴之路,指环王2：双塔奇兵,动作,类型,冒险,类型
疯狂的麦克斯4：狂暴之路,黑客帝国,动作,类型,科幻,类型
疯狂的麦克斯4：狂暴之路,指环王1：魔戒再现,动作,类型,冒险,类型
燃情岁月,本杰明·巴顿奇事,剧情,类型,爱情,类型,布拉德·皮特,演员,朱莉娅·奥蒙德,演员
燃情岁月,美丽人生,剧情,类型,爱情,类型,战争,类型
燃情岁月,怦然心动,剧情,类型,爱情,类型,艾丹·奎因,演员
燃情岁月,乱世佳人,剧情,类型,爱情,类型,战争,类型
燃情岁月,魂断蓝桥,剧情,类型,爱情,类型,战争,类型
燃情岁月,霸王别姬,剧情,类型,爱情,类型
燃情岁月,阿甘正传,剧情,类型,爱情,类型
燃情岁月,泰坦尼克号,剧情,类型,爱情,类型
燃情岁月,辛德勒的名单,剧情,类型,战争,类型
燃情岁月,三傻大闹宝莱坞,剧情,类型,爱情,类型
血钻,盗梦空间,剧情,类型,冒险,类型,莱昂纳多·迪卡普里奥,演员
血钻,禁闭岛,剧情,类型,惊悚,类型,莱昂纳多·迪卡普里奥,演员
血钻,被解救的姜戈,剧情,类型,冒险,类型,莱昂纳多·迪卡普里奥,演员
血钻,泰坦尼克号,剧情,类型,莱昂纳多·迪卡普里奥,演员
血钻,星际穿越,剧情,类型,冒险,类型
血钻,蝙蝠侠：黑暗骑士,剧情,类型,惊悚,类型
血钻,指环王3：王者无敌,剧情,类型,冒险,类型
血钻,飞屋环游记,剧情,类型,冒险,类型
血钻,少年派的奇幻漂流,剧情,类型,冒险,类型
血钻,猫鼠游戏,剧情,类型,莱昂纳多·迪卡普里奥,演员
海洋,放牛班的春天,雅克·贝汉,演员,雅克·贝汉,演员
海洋,天堂电影院,雅克·贝汉,演员,雅克·贝汉,演员
海洋,海豚湾,纪录片,类型
海洋,人生果实,纪录片,类型
步履不停,无人知晓,剧情,类型,是枝裕和,导演,江原由希子,演员,寺岛进,演员
步履不停,海街日记,剧情,类型,家庭,类型,是枝裕和,导演,树木希林,演员
步履不停,小偷家族,剧情,类型,家庭,类型,是枝裕和,导演,树木希林,演员
步履不停,当幸福来敲门,剧情,类型,家庭,类型
步履不停,活着,剧情,类型,家庭,类型
步履不停,摔跤吧！爸爸,剧情,类型,家庭,类型
步履不停,饮食男女,剧情,类型,家庭,类型
步履不停,海蒂和爷爷,剧情,类型,家庭,类型
步履不停,小鞋子,剧情,类型,家庭,类型
步履不停,断背山,剧情,类型,家庭,类型
穿越时空的少女,侧耳倾听,剧情,类型,爱情,类型,动画,类型
穿越时空的少女,萤火之森,剧情,类型,爱情,类型,动画,类型
穿越时空的少女,你的名字。,剧情,类型,爱情,类型,动画,类型
穿越时空的少女,东京教父,剧情,类型,动画,类型,汤屋敦子,演员
穿越时空的少女,霸王别姬,剧情,类型,爱情,类型
穿越时空的少女,阿甘正传,剧情,类型,爱情,类型
穿越时空的少女,泰坦尼克号,剧情,类型,爱情,类型
穿越时空的少女,美丽人生,剧情,类型,爱情,类型
穿越时空的少女,千与千寻,剧情,类型,动画,类型
穿越时空的少女,盗梦空间,剧情,类型,科幻,类型
谍影重重2,谍影重重,动作,类型,悬疑,类型,惊悚,类型,马特·达蒙,演员,布莱恩·考克斯,演员,弗朗卡·波滕特,演员,朱丽娅·斯蒂尔斯,演员,加布里埃尔·曼,演员,克里斯·库珀,演员
谍影重重2,谍影重重3,动作,类型,悬疑,类型,惊悚,类型,保罗·格林格拉斯,导演,马特·达蒙,演员,琼·艾伦,演员,朱丽娅·斯蒂尔斯,演员
谍影重重2,指环王3：王者无敌,动作,类型,卡尔·厄本,演员,马尔顿·索克斯,演员
谍影重重2,搏击俱乐部,动作,类型,悬疑,类型,惊悚,类型
谍影重重2,杀人回忆,动作,类型,悬疑,类型,惊悚,类型
谍影重重2,源代码,悬疑,类型,惊悚,类型,米歇尔·莫纳汉,演员
谍影重重2,蝙蝠侠：黑暗骑士,动作,类型,惊悚,类型
谍影重重2,指环王2：双塔奇兵,动作,类型,卡尔·厄本,演员
谍影重重2,指环王1：魔戒再现,动作,类型,马尔顿·索克斯,演员
谍影重重2,勇敢的心,动作,类型,布莱恩·考克斯,演员
彗星来的那一夜,蝴蝶效应,科幻,类型,悬疑,类型,惊悚,类型
彗星来的那一夜,红辣椒,科幻,类型,悬疑,类型,惊悚,类型
彗星来的那一夜,源代码,科幻,类型,悬疑,类型,惊悚,类型
彗星来的那一夜,盗梦空间,科幻,类型,悬疑,类型
彗星来的那一夜,蝙蝠侠：黑暗骑士,科幻,类型,惊悚,类型
彗星来的那一夜,蝙蝠侠：黑暗骑士崛起,科幻,类型,惊悚,类型
彗星来的那一夜,2001太空漫游,科幻,类型,惊悚,类型
彗星来的那一夜,千钧一发,科幻,类型,惊悚,类型
彗星来的那一夜,搏击俱乐部,悬疑,类型,惊悚,类型
彗星来的那一夜,看不见的客人,悬疑,类型,惊悚,类型
阿飞正传,东邪西毒,剧情,类型,爱情,类型,王家卫,导演,张国荣,演员,张曼玉,演员,刘嘉玲,演员,张学友,演员,梁朝伟,演员
阿飞正传,花样年华,剧情,类型,爱情,类型,王家卫,导演,张曼玉,演员,潘迪华,演员,梁朝伟,演员
阿飞正传,春光乍泄,剧情,类型,爱情,类型,王家卫,导演,张国荣,演员,梁朝伟,演员
阿飞正传,射雕英雄传之东成西就,张国荣,演员,张曼玉,演员,刘嘉玲,演员,张学友,演员,梁朝伟,演员
阿飞正传,无间道,剧情,类型,犯罪,类型,刘德华,演员,梁朝伟,演员
阿飞正传,重庆森林,剧情,类型,爱情,类型,王家卫,导演,梁朝伟,演员
阿飞正传,霸王别姬,剧情,类型,爱情,类型,张国荣,演员
阿飞正传,甜蜜蜜,剧情,类型,爱情,类型,张曼玉,演员
阿飞正传,英雄本色,剧情,类型,犯罪,类型,张国荣,演员
阿飞正传,纵横四海,剧情,类型,犯罪,类型,张国荣,演员
完美陌生人,美丽人生,剧情,类型,喜剧,类型
完美陌生人,三傻大闹宝莱坞,剧情,类型,喜剧,类型
完美陌生人,放牛班的春天,剧情,类型,喜剧,类型
完美陌生人,怦然心动,剧情,类型,喜剧,类型
完美陌生人,触不可及,剧情,类型,喜剧,类型
完美陌生人,飞屋环游记,剧情,类型,喜剧,类型
完美陌生人,鬼子来了,剧情,类型,喜剧,类型
完美陌生人,我不是药神,剧情,类型,喜剧,类型
完美陌生人,罗马假日,剧情,类型,喜剧,类型
完美陌生人,绿皮书,剧情,类型,喜剧,类型
战争之王,千钧一发,剧情,类型,安德鲁·尼科尔,导演,伊桑·霍克,演员
战争之王,肖申克的救赎,剧情,类型,犯罪,类型
战争之王,这个杀手不太冷,剧情,类型,犯罪,类型
战争之王,无间道,剧情,类型,犯罪,类型
战争之王,教父,剧情,类型,犯罪,类型
战争之王,控方证人,剧情,类型,犯罪,类型
战争之王,蝙蝠侠：黑暗骑士,剧情,类型,犯罪,类型
战争之王,指环王3：王者无敌,剧情,类型,伊安·霍姆,演员
战争之王,猫鼠游戏,剧情,类型,犯罪,类型
战争之王,搏击俱乐部,剧情,类型,杰瑞德·莱托,演员
地球上的星星,摔跤吧！爸爸,剧情,类型,家庭,类型,阿米尔·汗,演员,阿米尔·汗,演员
地球上的星星,三傻大闹宝莱坞,剧情,类型,阿米尔·汗,演员,阿米尔·汗,演员
地球上的星星,小鞋子,剧情,类型,家庭,类型,儿童,类型
地球上的星星,奇迹男孩,剧情,类型,家庭,类型,儿童,类型
地球上的星星,当幸福来敲门,剧情,类型,家庭,类型
地球上的星星,活着,剧情,类型,家庭,类型
地球上的星星,饮食男女,剧情,类型,家庭,类型
地球上的星星,海蒂和爷爷,剧情,类型,家庭,类型
地球上的星星,断背山,剧情,类型,家庭,类型
地球上的星星,7号房的礼物,剧情,类型,家庭,类型
东京教父,红辣椒,动画,类型,今敏,导演,今敏,导演,江守彻,演员,大塚明夫,演员,川濑晶子,演员,山寺宏一,演员,兴梠里美,演员
东京教父,飞屋环游记,剧情,类型,喜剧,类型,动画,类型
东京教父,玛丽和马克思,剧情,类型,喜剧,类型,动画,类型
东京教父,穿越时空的少女,剧情,类型,动画,类型,汤屋敦子,演员
东京教父,魔女宅急便,动画,类型,大塚明夫,演员,山寺宏一,演员
东京教父,美丽人生,剧情,类型,喜剧,类型
东京教父,千与千寻,剧情,类型,动画,类型
东京教父,三傻大闹宝莱坞,剧情,类型,喜剧,类型
东京教父,放牛班的春天,剧情,类型,喜剧,类型
东京教父,怦然心动,剧情,类型,喜剧,类型
谍影重重,谍影重重2,动作,类型,悬疑,类型,惊悚,类型,马特·达蒙,演员,弗朗卡·波滕特,演员,克里斯·库珀,演员,朱丽娅·斯蒂尔斯,演员,布莱恩·考克斯,演员,加布里埃尔·曼,演员
谍影重重,谍影重重3,动作,类型,悬疑,类型,惊悚,类型,马特·达蒙,演员,朱丽娅·斯蒂尔斯,演员
谍影重重,搏击俱乐部,动作,类型,悬疑,类型,惊悚,类型
谍影重重,杀人回忆,动作,类型,悬疑,类型,惊悚,类型
谍影重重,蝙蝠侠：黑暗骑士,动作,类型,惊悚,类型
谍影重重,勇敢的心,动作,类型,布莱恩·考克斯,演员
谍影重重,蝙蝠侠：黑暗骑士崛起,动作,类型,惊悚,类型
谍影重重,釜山行,动作,类型,惊悚,类型
谍影重重,被解救的姜戈,动作,类型,沃尔顿·戈金斯,演员
谍影重重,无间道2,动作,类型,惊悚,类型
香水,绿里奇迹,剧情,类型,犯罪,类型,奇幻,类型
香水,哈利·波特与魔法石,奇幻,类型,艾伦·瑞克曼,演员,约翰·赫特,演员
香水,哈利·波特与死亡圣器(下),奇幻,类型,艾伦·瑞克曼,演员,约翰·赫特,演员
香水,肖申克的救赎,剧情,类型,犯罪,类型
香水,这个杀手不太冷,剧情,类型,犯罪,类型
香水,千与千寻,剧情,类型,奇幻,类型
香水,无间道,剧情,类型,犯罪,类型
香水,教父,剧情,类型,犯罪,类型
香水,控方证人,剧情,类型,犯罪,类型
香水,蝙蝠侠：黑暗骑士,剧情,类型,犯罪,类型
无间道2,无间道,剧情,类型,犯罪,类型,刘伟强,导演,麦兆辉,导演,陈冠希,演员,余文乐,演员,曾志伟,演员,黄秋生,演员,杜汶泽,演员
无间道2,蝙蝠侠：黑暗骑士,剧情,类型,动作,类型,惊悚,类型,犯罪,类型,陈冠希,演员
无间道2,让子弹飞,剧情,类型,动作,类型,刘嘉玲,演员,胡军,演员
无间道2,杀人回忆,剧情,类型,动作,类型,惊悚,类型,犯罪,类型
无间道2,蝙蝠侠：黑暗骑士崛起,剧情,类型,动作,类型,惊悚,类型,犯罪,类型
无间道2,这个杀手不太冷,剧情,类型,动作,类型,犯罪,类型
无间道2,搏击俱乐部,剧情,类型,动作,类型,惊悚,类型
无间道2,看不见的客人,剧情,类型,惊悚,类型,犯罪,类型
无间道2,沉默的羔羊,剧情,类型,惊悚,类型,犯罪,类型
无间道2,七宗罪,剧情,类型,惊悚,类型,犯罪,类型
千钧一发,蝴蝶效应,剧情,类型,科幻,类型,惊悚,类型,威廉姆·李·斯科特,演员
千钧一发,蝙蝠侠：黑暗骑士,剧情,类型,科幻,类型,惊悚,类型
千钧一发,禁闭岛,剧情,类型,惊悚,类型,伊莱亚斯·科泰斯,演员
千钧一发,致命ID,剧情,类型,惊悚,类型,威廉姆·李·斯科特,演员
千钧一发,蝙蝠侠：黑暗骑士崛起,剧情,类型,科幻,类型,惊悚,类型
千钧一发,人工智能,剧情,类型,科幻,类型,裘德·洛,演员
千钧一发,战争之王,剧情,类型,安德鲁·尼科尔,导演,伊桑·霍克,演员
千钧一发,终结者2：审判日,科幻,类型,山德·贝克利,演员,迪恩·诺里斯,演员
千钧一发,盗梦空间,剧情,类型,科幻,类型
千钧一发,星际穿越,剧情,类型,科幻,类型
东京物语,当幸福来敲门,剧情,类型,家庭,类型
东京物语,活着,剧情,类型,家庭,类型
东京物语,摔跤吧！爸爸,剧情,类型,家庭,类型
东京物语,饮食男女,剧情,类型,家庭,类型
东京物语,海蒂和爷爷,剧情,类型,家庭,类型
东京物语,小鞋子,剧情,类型,家庭,类型
东京物语,断背山,剧情,类型,家庭,类型
东京物语,7号房的礼物,剧情,类型,家庭,类型
东京物语,一一,剧情,类型,家庭,类型
东京物语,大鱼,剧情,类型,家庭,类型
黑客帝国2：重装上阵,黑客帝国3：矩阵革命,动作,类型,科幻,类型,莉莉·沃卓斯基,导演,拉娜·沃卓斯基,导演,基努·里维斯,演员,劳伦斯·菲什伯恩,演员,凯瑞-安·莫斯,演员,雨果·维文,演员,莫妮卡·贝鲁奇,演员,赫尔穆特·巴凯蒂斯,演员,贾达·萍克·史密斯,演员,邹兆龙,演员,埃茜·戴维斯,演员,诺娜·加耶,演员,克里斯托弗·卡比,演员,纳撒尼尔·利斯,演员,哈里·伦尼克斯,演员,罗伯特·马莫内,演员,罗宾·奈文,演员,吉娜薇·欧瑞丽,演员,哈罗德·佩里诺,演员,鲁伯特·雷德,演员,大卫·罗伯茨,演员,吉娜·托瑞斯,演员,克莱顿·华生,演员,康奈尔·韦斯特,演员,伯纳德·怀特,演员,朗贝尔·维尔森,演员,安东尼·布兰登·黄,演员,安东尼·泽比,演员
黑客帝国2：重装上阵,黑客帝国,动作,类型,科幻,类型,莉莉·沃卓斯基,导演,拉娜·沃卓斯基,导演,基努·里维斯,演员,劳伦斯·菲什伯恩,演员,凯瑞-安·莫斯,演员,雨果·维文,演员,纳许·埃哲顿,演员,格洛丽亚·福斯特,演员
黑客帝国2：重装上阵,指环王2：双塔奇兵,动作,类型,雨果·维文,演员,纳撒尼尔·利斯,演员
黑客帝国2：重装上阵,蝙蝠侠：黑暗骑士,动作,类型,科幻,类型
黑客帝国2：重装上阵,指环王3：王者无敌,动作,类型,雨果·维文,演员
黑客帝国2：重装上阵,指环王1：魔戒再现,动作,类型,雨果·维文,演员
黑客帝国2：重装上阵,阿凡达,动作,类型,科幻,类型
黑客帝国2：重装上阵,蝙蝠侠：黑暗骑士崛起,动作,类型,科幻,类型
黑客帝国2：重装上阵,超能陆战队,动作,类型,科幻,类型
黑客帝国2：重装上阵,头号玩家,动作,类型,科幻,类型
驴得水,美丽人生,剧情,类型,喜剧,类型
驴得水,三傻大闹宝莱坞,剧情,类型,喜剧,类型
驴得水,放牛班的春天,剧情,类型,喜剧,类型
驴得水,怦然心动,剧情,类型,喜剧,类型
驴得水,触不可及,剧情,类型,喜剧,类型
驴得水,飞屋环游记,剧情,类型,喜剧,类型
驴得水,鬼子来了,剧情,类型,喜剧,类型
驴得水,我不是药神,剧情,类型,喜剧,类型
驴得水,罗马假日,剧情,类型,喜剧,类型
驴得水,绿皮书,剧情,类型,喜剧,类型
朗读者,泰坦尼克号,剧情,类型,爱情,类型,凯特·温丝莱特,演员
朗读者,霸王别姬,剧情,类型,爱情,类型
朗读者,阿甘正传,剧情,类型,爱情,类型
朗读者,美丽人生,剧情,类型,爱情,类型
朗读者,辛德勒的名单,剧情,类型,拉尔夫·费因斯,演员
朗读者,三傻大闹宝莱坞,剧情,类型,爱情,类型
朗读者,怦然心动,剧情,类型,爱情,类型
朗读者,乱世佳人,剧情,类型,爱情,类型
朗读者,罗马假日,剧情,类型,爱情,类型
朗读者,天堂电影院,剧情,类型,爱情,类型
崖上的波妞,千与千寻,动画,类型,奇幻,类型,宫崎骏,导演,柊瑠美,演员
崖上的波妞,龙猫,动画,类型,奇幻,类型,冒险,类型,宫崎骏,导演
崖上的波妞,哈尔的移动城堡,动画,类型,奇幻,类型,冒险,类型,宫崎骏,导演
崖上的波妞,天空之城,动画,类型,奇幻,类型,冒险,类型,宫崎骏,导演
崖上的波妞,幽灵公主,动画,类型,奇幻,类型,冒险,类型,宫崎骏,导演
崖上的波妞,风之谷,动画,类型,奇幻,类型,冒险,类型,宫崎骏,导演
崖上的波妞,魔女宅急便,动画,类型,奇幻,类型,冒险,类型,宫崎骏,导演
崖上的波妞,借东西的小人阿莉埃蒂,动画,类型,奇幻,类型,冒险,类型
崖上的波妞,驯龙高手,动画,类型,奇幻,类型,冒险,类型
崖上的波妞,怪兽电力公司,动画,类型,奇幻,类型,冒险,类型
再次出发之纽约遇见你,真爱至上,喜剧,类型,爱情,类型,凯拉·奈特莉,演员
再次出发之纽约遇见你,美丽人生,喜剧,类型,爱情,类型
再次出发之纽约遇见你,三傻大闹宝莱坞,喜剧,类型,爱情,类型
再次出发之纽约遇见你,放牛班的春天,喜剧,类型,音乐,类型
再次出发之纽约遇见你,大话西游之大圣娶亲,喜剧,类型,爱情,类型
再次出发之纽约遇见你,怦然心动,喜剧,类型,爱情,类型
再次出发之纽约遇见你,寻梦环游记,喜剧,类型,音乐,类型
再次出发之纽约遇见你,大话西游之月光宝盒,喜剧,类型,爱情,类型
再次出发之纽约遇见你,罗马假日,喜剧,类型,爱情,类型
再次出发之纽约遇见你,摩登时代,喜剧,类型,爱情,类型
我爱你,霸王别姬,剧情,类型,爱情,类型
我爱你,阿甘正传,剧情,类型,爱情,类型
我爱你,泰坦尼克号,剧情,类型,爱情,类型
我爱你,美丽人生,剧情,类型,爱情,类型
我爱你,三傻大闹宝莱坞,剧情,类型,爱情,类型
我爱你,怦然心动,剧情,类型,爱情,类型
我爱你,乱世佳人,剧情,类型,爱情,类型
我爱你,罗马假日,剧情,类型,爱情,类型
我爱你,辩护人,剧情,类型,吴达洙,演员
我爱你,天堂电影院,剧情,类型,爱情,类型
猜火车,肖申克的救赎,剧情,类型,犯罪,类型
猜火车,这个杀手不太冷,剧情,类型,犯罪,类型
猜火车,无间道,剧情,类型,犯罪,类型
猜火车,教父,剧情,类型,犯罪,类型
猜火车,控方证人,剧情,类型,犯罪,类型
猜火车,蝙蝠侠：黑暗骑士,剧情,类型,犯罪,类型
猜火车,猫鼠游戏,剧情,类型,犯罪,类型
猜火车,教父2,剧情,类型,犯罪,类型
猜火车,两杆大烟枪,剧情,类型,犯罪,类型
猜火车,看不见的客人,剧情,类型,犯罪,类型
聚焦,当幸福来敲门,剧情,类型,传记,类型
聚焦,末代皇帝,剧情,类型,传记,类型
聚焦,摔跤吧！爸爸,剧情,类型,传记,类型
聚焦,猫鼠游戏,剧情,类型,传记,类型
聚焦,钢琴家,剧情,类型,传记,类型
聚焦,绿皮书,剧情,类型,传记,类型
聚焦,美丽心灵,剧情,类型,传记,类型
聚焦,音乐之声,剧情,类型,传记,类型
聚焦,禁闭岛,剧情,类型,马克·鲁弗洛,演员
聚焦,勇敢的心,剧情,类型,传记,类型
浪潮,蝙蝠侠：黑暗骑士,剧情,类型,惊悚,类型
浪潮,搏击俱乐部,剧情,类型,惊悚,类型
浪潮,看不见的客人,剧情,类型,惊悚,类型
浪潮,致命魔术,剧情,类型,惊悚,类型
浪潮,沉默的羔羊,剧情,类型,惊悚,类型
浪潮,禁闭岛,剧情,类型,惊悚,类型
浪潮,蝴蝶效应,剧情,类型,惊悚,类型
浪潮,七宗罪,剧情,类型,惊悚,类型
浪潮,致命ID,剧情,类型,惊悚,类型
浪潮,杀人回忆,剧情,类型,惊悚,类型
小萝莉的猴神大叔,三傻大闹宝莱坞,剧情,类型,喜剧,类型,卡琳娜·卡普尔,演员
小萝莉的猴神大叔,让子弹飞,剧情,类型,喜剧,类型,动作,类型
小萝莉的猴神大叔,纵横四海,剧情,类型,喜剧,类型,动作,类型
小萝莉的猴神大叔,这个杀手不太冷,剧情,类型,动作,类型
小萝莉的猴神大叔,美丽人生,剧情,类型,喜剧,类型
小萝莉的猴神大叔,放牛班的春天,剧情,类型,喜剧,类型
小萝莉的猴神大叔,怦然心动,剧情,类型,喜剧,类型
小萝莉的猴神大叔,触不可及,剧情,类型,喜剧,类型
小萝莉的猴神大叔,蝙蝠侠：黑暗骑士,剧情,类型,动作,类型
小萝莉的猴神大叔,指环王3：王者无敌,剧情,类型,动作,类型
追随,记忆碎片,悬疑,类型,惊悚,类型,犯罪,类型,克里斯托弗·诺兰,导演
追随,看不见的客人,悬疑,类型,惊悚,类型,犯罪,类型
追随,致命魔术,悬疑,类型,惊悚,类型,克里斯托弗·诺兰,导演
追随,七宗罪,悬疑,类型,惊悚,类型,犯罪,类型
追随,杀人回忆,悬疑,类型,惊悚,类型,犯罪,类型
追随,消失的爱人,悬疑,类型,惊悚,类型,犯罪,类型
追随,网络谜踪,悬疑,类型,惊悚,类型,犯罪,类型
追随,蝙蝠侠：黑暗骑士,惊悚,类型,犯罪,类型,克里斯托弗·诺兰,导演
追随,蝙蝠侠：黑暗骑士崛起,惊悚,类型,犯罪,类型,克里斯托弗·诺兰,导演
追随,盗梦空间,悬疑,类型,克里斯托弗·诺兰,导演
网络谜踪,看不见的客人,剧情,类型,悬疑,类型,惊悚,类型,犯罪,类型
网络谜踪,七宗罪,剧情,类型,悬疑,类型,惊悚,类型,犯罪,类型
网络谜踪,杀人回忆,剧情,类型,悬疑,类型,惊悚,类型,犯罪,类型
网络谜踪,消失的爱人,剧情,类型,悬疑,类型,惊悚,类型,犯罪,类型
网络谜踪,记忆碎片,剧情,类型,悬疑,类型,惊悚,类型,犯罪,类型
网络谜踪,无间道,剧情,类型,悬疑,类型,犯罪,类型
网络谜踪,控方证人,剧情,类型,悬疑,类型,犯罪,类型
网络谜踪,蝙蝠侠：黑暗骑士,剧情,类型,惊悚,类型,犯罪,类型
网络谜踪,搏击俱乐部,剧情,类型,悬疑,类型,惊悚,类型
网络谜踪,致命魔术,剧情,类型,悬疑,类型,惊悚,类型
黑鹰坠落,勇敢的心,动作,类型,历史,类型,战争,类型
黑鹰坠落,蝙蝠侠：黑暗骑士,动作,类型,威廉·菲克纳,演员
黑鹰坠落,指环王3：王者无敌,动作,类型,奥兰多·布鲁姆,演员
黑鹰坠落,指环王2：双塔奇兵,动作,类型,奥兰多·布鲁姆,演员
黑鹰坠落,指环王1：魔戒再现,动作,类型,奥兰多·布鲁姆,演员
黑鹰坠落,加勒比海盗,动作,类型,奥兰多·布鲁姆,演员
黑鹰坠落,蝙蝠侠：黑暗骑士崛起,动作,类型,汤姆·哈迪,演员
黑鹰坠落,疯狂的麦克斯4：狂暴之路,动作,类型,汤姆·哈迪,演员
黑鹰坠落,辛德勒的名单,历史,类型,战争,类型
黑鹰坠落,乱世佳人,历史,类型,战争,类型
